,pid,key,acousticness,danceability,energy,instrumentalness,loudness,speechiness,valence,tempo
0,834000,0.6453076582558654,0.1732193133489404,0.8574847793512154,0.6081344533417073,0.015505925102406242,0.8068019825958161,0.2091733149003192,0.32638045643969277,0.39595437932952593
1,834001,0.7570402152075459,0.4516021720253287,0.48057208663334705,0.5328901812062434,0.38910487187129267,0.6549470604835398,0.010219452854765908,0.4991742381391855,0.3532389724159648
2,834002,0.6790615316511732,0.09886572852661091,0.7607734423061719,0.7828563204210872,0.010692787784303012,0.9035730119156588,0.048530834338868796,0.6346349331053972,0.42771194966007586
3,834003,0.5677962308071087,0.01049571136010926,0.43333436980924633,0.965381165088623,3.917343845599493e-05,0.960514689166116,0.059296069528881994,0.5932955448672845,0.6973726458054594
4,834004,0.6311595722373664,0.4133677246406257,0.5518704505908857,0.4980532761484493,0.027595929005104405,0.7107566785915905,0.009368947743049687,0.38778207837186274,0.4499702901508029
5,834005,0.7690593557971506,0.2134353365405145,0.8528149477078703,0.5689073265366407,0.004071038856308255,0.7838859838360647,0.15887652544246544,0.35324750652049164,0.4689842551360921
6,834006,0.6648918345310348,0.07173157850134461,0.8795985965096432,0.691272379501763,0.01550638489072859,0.8478495239336663,0.20208731083700385,0.48362546565205455,0.4756704058504282
7,834007,0.6282239463199832,0.26895235494496855,0.4382703914774314,0.6401572997496094,0.0681648466245275,0.762065700908436,0.05171682090041315,0.3081540634311547,0.3216754387504255
8,834008,0.7224007197018378,0.34202433345142735,0.4903331189385761,0.5396597176849558,0.028878306384258375,0.7823628355671168,0.0193021192381198,0.26099122557569104,0.4363041916112389
9,834009,0.7305858533080793,0.197283939368601,0.8275612637890967,0.6464589623406408,0.004466451421949999,0.8252606069328438,0.20885610004408883,0.45471298609825195,0.3826217489554027
10,834010,0.6092552865461232,0.3956244048032525,0.6422452313133628,0.5636330422599852,0.09021600891515846,0.7654885381530573,0.010533136515854684,0.5148304117470546,0.397899142632802
11,834011,0.5377464500970477,0.5927297767179143,0.386471042086145,0.38612057200140115,0.04064919687916466,0.7357516756079537,0.0054734598006306034,0.15630514570683945,0.2997002790235015
12,834012,0.6908020093538889,0.16879768441085705,0.6529556747104762,0.7343568517537881,0.002972104182300111,0.8968944350661816,0.06889761646483397,0.522077202690545,0.5053885320785432
13,834013,0.7773010522014507,0.12061459775764209,0.9355288312265512,0.7533339573495015,0.014593114867423014,0.8161461062448709,0.25508214084479497,0.7206131160217106,0.26719979947914374
14,834014,0.6191828430957023,0.129519224667189,0.9937298136298082,0.6271747627303795,0.0002750170318358137,0.8325877743096806,0.20149614782353836,0.41872405859816386,0.5492773191287768
15,834015,0.7852340637450199,0.0907912265754662,0.8187800363135654,0.8020710668864814,0.006623339694333881,0.8535605558730273,0.18506677646831937,0.5943685726084705,0.3385112208799337
16,834016,0.6379482071713147,0.29324924347032644,0.802683289010084,0.7010127178520962,0.04350515022430539,0.7397050717345242,0.06895521617480685,0.7737647713194389,0.39148013055268804
17,834017,0.665241473131863,0.19074148054600515,0.775109419763285,0.6950056294015603,9.373218623027376e-05,0.8299748022285147,0.07453585604651594,0.6486855406068373,0.28998451524014635
18,834018,0.4422310756972112,0.5208790959689172,0.4283662366765081,0.43736682143417893,0.12221382680276426,0.609909013695747,0.03435185272960365,0.32549643821339846,0.15040990141037214
19,834019,0.7543160690571049,0.20760328977511755,0.8346114757038526,0.747714936186439,0.00034972925218936386,0.7916865638251478,0.04820834833014744,0.9734879800327422,0.5200511524132094
20,834020,0.695411900783961,0.13427009935136097,0.6025594118064591,0.7785942746873719,0.0024143860970300113,0.8627963340490991,0.07794374871316428,0.5748143058109384,0.5445746981310926
21,834021,0.7538876751060275,0.26289776961929207,0.7024896064992524,0.5521952349839698,0.005575648277613856,0.7819778457962625,0.1194956636728674,0.396917852097291,0.39102557385587544
22,834022,0.6510509685396346,0.150098544595436,0.6633175265439079,0.8181269998538179,0.08562090586798034,0.8714201836692594,0.013973893682391998,0.6537230048156825,0.41660349126061
23,834023,0.6250292945863605,0.12862291551716962,0.8197254208458765,0.7490475464797318,0.18788436619205928,0.6362358033942453,0.016532066943559624,0.8527073080124291,0.33476836388954645
24,834024,0.704515272244356,0.14738775872568652,0.9143719180235236,0.5712182894825382,0.00011137151186646802,0.8170128471226361,0.21706807501998474,0.2976807738133209,0.4020793351766503
25,834025,0.699535192563081,0.10899839920530936,0.7569518879004279,0.7891299654576859,0.0519561865145735,0.8296659047349337,0.056008833306134355,0.6845440340787213,0.46007178109102176
26,834026,0.6279398534892688,0.3537916088572678,0.6771817642235388,0.6366200446720256,0.010343818029547376,0.7947257380180499,0.023739833005092713,0.47534242327238907,0.3722632309154674
27,834027,0.7808764940239046,0.16962006387481052,0.671311171444022,0.6856660940400655,0.0005785445366332802,0.8448042036737524,0.09158124231320527,0.45904464619635754,0.3280558347321614
28,834028,0.702834751528864,0.024265082024285067,0.4374425210204195,0.8992605482962422,0.4552621132790448,0.9295315328960572,0.040791765574559664,0.1911482586303595,1.0
29,834029,0.593819842580896,0.12101585273426174,0.6155346595516792,0.7266566524591295,0.0010454297677464511,0.8467346690327172,0.060364647685583465,0.37565011084042665,0.5621139548296246
30,834030,0.673804780876494,0.3281616424720618,0.3670212848021074,0.5096056792947985,0.0030580115384596716,0.7590443873397,0.0026725673332744157,0.2103005177006424,0.37755508152889217
31,834031,0.5324157913799348,0.15630137818736745,0.9970222630751538,0.5538314135228879,0.00174172105252987,0.7914892286728459,0.22551423377082472,0.3400273824340373,0.537549969678967
32,834032,0.653054448871182,0.13234417563293632,0.6525814355332965,0.8243592008164548,0.009053584200093796,0.8718239499417595,0.016037177199841088,0.7647043572431272,0.5168635004663518
33,834033,0.6994323590593381,0.43734419899546984,0.7214366634287858,0.5540982871958616,0.03049140399940611,0.758518733464671,0.06313411189369117,0.5711379629180009,0.31140689733551064
34,834034,0.5949535192563082,0.23478269076269265,0.5036448560281871,0.6047325587481029,0.30257528791277055,0.6845641958389312,0.009217803891516545,0.41708196284661325,0.5842474694330781
35,834035,0.6334203416220177,0.07783222649975195,0.8366713480334768,0.791753293160297,8.908904166475777e-05,0.9085262823143079,0.08418596882987903,0.6766998045599204,0.3425133770994002
36,834036,0.7735374292304467,0.44292318954748344,0.4763882958202096,0.48480923221855854,0.03794215470588995,0.7021327789366156,0.008114014768286881,0.4486728438384072,0.42286202814918994
37,834037,0.5582187379514203,0.6715643900842238,0.3355584228616517,0.3510476653548691,0.0028154397472522517,0.5447817328226455,0.059787368480772256,0.4134595421200995,0.36641692695275374
38,834038,0.7010961130601971,0.17413032941557016,0.9164725933624126,0.7730726372846085,0.014311291967913522,0.9058946630637189,0.13942515394580202,0.7214279120714129,0.4223247559176828
39,834039,0.6442231075697211,0.07823219758297485,0.31084131376810586,0.917439943476213,0.033438537413947665,0.9306230814744391,0.07186210127459414,0.3598050001175104,0.6588663434635211
40,834040,0.6372509960159363,0.3859718560893642,0.5793809414528125,0.5982336316533209,0.12281152741979551,0.7506677859646107,0.01141867160182896,0.609858148329284,0.4537624943829828
41,834041,0.8105450538272443,0.2331507850714569,0.577320780935536,0.7427278239344166,0.0031595744756482934,0.8795491160297146,0.01295356697039702,0.5978229813541104,0.4744736801429297
42,834042,0.8312306330234618,0.620078506880146,0.483700743820619,0.4269704820222956,0.03459514648370977,0.5994228198554016,0.022580167704503412,0.6105150418728227,0.38429388559655253
43,834043,0.6420080992900825,0.2594246750747271,0.599145033771166,0.6469533659372462,0.02833268950388247,0.6891344959555831,0.024546905038348187,0.6813550254279261,0.4390170651684484
44,834044,0.6224976636663224,0.5329377544902816,0.477015357893363,0.4362893471269984,0.04230981402021544,0.6436500101172598,0.00543781393005234,0.37631500785356786,0.3776556642648532
45,834045,0.6579890483727193,0.08684818384597,0.6701399746764797,0.795209082090692,0.2079205013125444,0.8881873494901378,0.11182979969521481,0.273006299955243,0.5222758159513499
46,834046,0.5298804780876494,0.8403833281680426,0.384596433440879,0.1517958078191239,0.021242196154085256,0.4693162336972738,0.01551535984657941,0.34103290399187947,0.3206315008643843
47,834047,0.6937250996015938,0.16786341546244574,0.6142114286485681,0.660386245878474,0.1364529381080459,0.8095823872400035,0.020543871886383624,0.46690071726024285,0.443120365379428
48,834048,0.58243947287772,0.1603111250979905,0.8937789265016339,0.6145104895104895,0.011227668361301625,0.8345175303297716,0.1677711454503818,0.35598460526639375,0.46125404797327696
49,834049,0.739560277408883,0.14342179923893913,0.7067585830359698,0.7124519518733683,0.23187206921909373,0.8306473117026885,0.03431696665762727,0.5836453296358983,0.4374267089666186
50,834050,0.6003355001048438,0.1307809567279448,0.8549454728117184,0.7631238069266432,0.01675304843527242,0.8835812139999899,0.09901794774826975,0.6813056726944032,0.4449770502637951
51,834051,0.8201559957353683,0.09818944681718936,0.781349022629099,0.8317961229458714,0.03051832527909027,0.9104049052714818,0.03743080757789558,0.49864420271921106,0.37126718069306275
52,834052,0.6898989408220777,0.16029831133960667,0.5573051212038099,0.8078449731741784,0.002010085740993758,0.890928518576033,0.01202312769594436,0.6159216056711079,0.5217640458550508
53,834053,0.6095221105627244,0.6543357012258983,0.36439561980585344,0.38099159173515385,0.12216900358432763,0.636961241943693,0.029314482099215396,0.4051268181246689,0.399613556292729
54,834054,0.6117657031448676,0.1289419154642262,0.711310600039809,0.6721607821128274,0.015077686892784983,0.840553733994511,0.074311605757995,0.4540905750032985,0.38633652192146917
55,834055,0.6665025292090068,0.16231919357098645,0.721762338702228,0.6928708844279086,0.028783307475471382,0.8672765416148199,0.08661964205892209,0.4188002658938411,0.3767865961101413
56,834056,0.7250996015936255,0.34430902347225795,0.719691132200278,0.6165214319359397,0.0,0.8520655598428264,0.28472545050837295,0.4590141001120265,0.27367780134528985
57,834057,0.5514715332219509,0.07624273825234466,0.20358680832107134,0.8805688085940468,0.04786406346842828,0.9400283815764124,0.05968550670959446,0.31054510356047443,0.6025682920940059
58,834058,0.7134044467292122,0.30444011528297,0.5472269700185551,0.6094597571908288,0.02410011639712325,0.7562871194983779,0.008074261366029796,0.5818497587826646,0.46049590254680495
59,834059,0.6536354581673307,0.4182571186469951,0.6988422519810465,0.5631771078662271,0.038421640048034236,0.8090678304668181,0.0382345228036688,0.5282053721214185,0.28495623342824294
60,834060,0.556772908366534,0.22584152632157678,0.7585005178009753,0.6398543166677882,0.008763085280896922,0.8091870328080966,0.24141198585136606,0.4238975579129731,0.39209771094390433
61,834061,0.7843195120751563,0.13922182473142267,0.7974905991213347,0.7153401700753458,0.03539659190547578,0.8049307630020418,0.2207881351931442,0.5694574591144548,0.2889294530138258
62,834062,0.660488480859172,0.19206163202087287,0.7099402443168711,0.7266228646325517,0.018918303187634947,0.8132382633673176,0.04834601034177554,0.6826381889548157,0.3977188165479413
63,834063,0.6628869138829299,0.10544140744857204,0.6691361691213195,0.792234320084061,0.06779056143077605,0.8528993278895931,0.035862073695327866,0.6317357591124043,0.473635570920804
64,834064,0.7247964663086783,0.34778384577528276,0.6826254819456371,0.5126922525548344,0.045169692296301946,0.7213760548661208,0.034884922965491456,0.4897915212284597,0.2996495988031118
65,834065,0.6321381142098275,0.1388228311533423,0.7778651943248239,0.6076503375726174,0.00016021445519815217,0.8183203001426655,0.19563949444985088,0.33848841516710515,0.5019173963480899
66,834066,0.6633075540973363,0.5068897415149316,0.5559965028440202,0.453611472851034,2.8486142237242673e-05,0.776454445277704,0.014501690137226617,0.36153899950470136,0.3384268914246882
67,834067,0.6512541383760733,0.21373237559117395,0.6337802670879006,0.6686765671750712,0.007622035513507616,0.8528454880937009,0.06577387924474482,0.48805008928809424,0.3176947679171809
68,834068,0.7135595548839127,0.2976409822982537,0.4838552894402047,0.6018788474345023,0.18869001005385738,0.7983455362733971,0.07999828141861862,0.20633794383904908,0.2702050641218332
69,834069,0.6327191235059761,0.10676248919346437,0.6522032817203719,0.7653330585649242,0.05788045632330626,0.897968996795504,0.06562223816106222,0.39399548685992813,0.4731094030175431
70,834070,0.8148867942862696,0.3534975248321171,0.9133108034915546,0.5890666107556036,0.014727053722140438,0.755181368080249,0.07209890809519481,0.9442654706624379,0.468355592694097
71,834071,0.6743363624155065,0.15347131546685272,0.736899821670527,0.7494343651923556,0.001772492946957575,0.8980985250007003,0.07988514726148471,0.598123713870955,0.39765802306359044
72,834072,0.6367471291305367,0.6333955447942485,0.1878691681594541,0.31502758899131966,0.022220223101918794,0.6472385407134642,0.007101479028693208,0.17757993399130362,0.29419564154032574
73,834073,0.6498343973503578,0.10031659596396865,0.9999999999999999,0.5959038698363875,6.69114095166942e-05,0.8304450665519423,0.16852125481847818,0.39112091937869864,0.4757741316755668
74,834074,0.6879150066401063,0.06588424608048062,0.5907322785749961,0.8047083529596484,0.16531142798699108,0.8712402798919137,0.07364809688178053,0.4502998749914665,0.4579447129502101
75,834075,0.5989953230556038,0.25499254891691625,0.48046116526223315,0.6436979049335437,0.13707693687882097,0.7504162737360681,0.01150513962773491,0.5418510965458943,0.38271067997471486
76,834076,0.6853327431016676,0.4302156740171363,0.49475590714166795,0.5831218052720644,0.06962561358148144,0.7335718771521809,0.02215538774677902,0.36892804073755336,0.4841853970467076
77,834077,0.6327191235059761,0.1486517973788764,0.846259213386071,0.7793290744229865,0.026095399589732546,0.9097066647112667,0.09232007225075145,0.5997926503487817,0.3237497129048357
78,834078,0.7410358565737052,0.09873022227461573,0.9271931330141031,0.6947799609716707,0.00018475627878452027,0.8587770128760202,0.17005699146121928,0.5725888053811066,0.27905053708761995
79,834079,0.7436918990703851,0.49335752439805924,0.5150510954817286,0.5264758988852253,0.4229557504074276,0.7059702071206904,0.0028745702994412287,0.5161266230871475,0.3741729233111024
80,834080,0.6302788844621514,0.07689316107670394,0.7004910026053969,0.877237399905794,0.06041769266443815,0.942030817778632,0.03704144278474606,0.38153701181481725,0.5128387171149542
81,834081,0.5717131474103587,0.26305049320148766,0.6907804511287022,0.6179447664297857,0.0001776905987979577,0.8511629829583371,0.08418957158985457,0.40339432886241267,0.4690833160948764
82,834082,0.7328254549370088,0.2653093021945405,0.8127483126578662,0.6857742103856093,0.061389271712198844,0.8450112902482898,0.1550483566380292,0.5165703531202969,0.3224047280909572
83,834083,0.7904931996153317,0.5417179820318616,0.506283722482617,0.3751218185066676,0.029469964935450347,0.6728587279867094,0.014306717244431666,0.3014608204006764,0.4486010711594408
84,834084,0.701195219123506,0.4217278611680863,0.6492752907688718,0.5076458515577685,0.03890242749880125,0.5866489043137522,0.015997954011536912,0.6911337949434777,0.26764877774334295
85,834085,0.624003984063745,0.19186362575616864,0.5535051365471063,0.7246820536975979,0.011890071245101988,0.8606485297695607,0.06345337789639546,0.43760087074480736,0.531238444446474
86,834086,0.6929927349425826,0.14932424989763043,0.9198715667537855,0.7089603858500538,0.0017763364959961152,0.8404517246029001,0.17521988287012266,0.6896239456322584,0.3127803706108998
87,834087,0.7583858115923403,0.11458204090625061,0.8292673665196678,0.7025961182947646,0.09215855480786253,0.8353843010850568,0.11652950014737523,0.4248935491223631,0.4456853256813742
88,834088,0.7245632853202575,0.15063968725347507,0.6790522024380038,0.7309322801550784,0.07630643767548778,0.8380137155492036,0.06638206808444222,0.4630410432776083,0.4193256075546301
89,834089,0.6035423523298113,0.11151671500825176,0.75056163651101,0.7943768047676588,0.0031392826630962704,0.9130202817051294,0.06676126487040124,0.6754960258906002,0.42473028662607626
90,834090,0.6959289279662957,0.2389372895048195,0.788916751581416,0.5522039674934084,0.07975578458809685,0.782115832340375,0.11480984547039294,0.3704046493773635,0.39580029878380363
91,834091,0.7821557805475348,0.13786080084340202,0.8387464419926053,0.6916747332621744,0.06498918237253241,0.8431280022577725,0.10229140976587453,0.4009055692788899,0.4771042959182441
92,834092,0.5734827188707101,0.7149647936509491,0.31804596931619156,0.3926213025815878,0.22808996770490034,0.5569398889821896,0.038145327413495154,0.4240046436464304,0.3466705722536281
93,834093,0.6503585657370519,0.2281243115464424,0.5277866436275765,0.64467027790862,0.03436668884534953,0.6986599778500378,0.010515684297619572,0.5213904261593508,0.3792933996496086
94,834094,0.5418326693227091,0.3578735532780953,0.9849126102376099,0.6912472242783125,3.896287632445933e-05,0.8233052858652754,0.012903223175936347,0.9387454455448131,0.49898183431150533
95,834095,0.6414342629482073,0.16786955794793249,0.6298922067578329,0.736531441356571,2.4231191875255687e-06,0.8713867241823985,0.07021234418475791,0.5546109347213719,0.3189845701324785
96,834096,0.630707937480846,0.1581214540474477,0.9883497005714429,0.5956918728939455,0.001810716031097082,0.8014378154914104,0.20301701843809078,0.3928695405687457,0.5152194905359766
97,834097,0.6698236992151156,0.876672933222951,0.47812194771599936,0.8483648576610324,0.00024278417564646112,0.706423183227513,1.0000000000000002,0.23575254109821658,0.0695951611626553
98,834098,0.7460159362549801,0.5858395739256979,0.5098073626091769,0.48308211650180577,0.03523314533983427,0.7234347949948503,0.008502849573060953,0.5565312015853068,0.4953649965388265
99,834099,0.6693227091633467,1.0,0.024157025797480913,0.013135500078505252,1.0,0.019766397124888035,0.025014322360948908,0.1458861896346998,0.14663144298015962
100,834100,0.6613545816733069,0.15095649253586563,0.8640032707279491,0.6312613552250859,0.01826873916924404,0.8397971103907598,0.14460597954195017,0.44334064241819815,0.416053946985403
101,834101,0.7065073041168659,0.15704764891707404,0.8117925941925291,0.6480020411367562,0.0770656046387388,0.8290356675078259,0.11053477475354345,0.40008841248115645,0.3684334189850007
102,834102,0.7498893315626385,0.09979893366702476,0.9574070224226144,0.6941369655100226,0.003408246883734435,0.8598107420012622,0.13020528643742213,0.4798431356164148,0.3259977549966868
103,834103,0.5750332005312087,0.0658212858555297,0.753170349771184,0.794818092097885,0.10432848982963075,0.9245767052617359,0.21951934696897532,0.36153099933975774,0.2702861194671107
104,834104,0.6028651352038654,0.14554615136114007,0.7306420375118586,0.6815688858600337,0.0015318401592413306,0.8603559251256818,0.11418805610490468,0.4304617977002898,0.5280475313140283
105,834105,0.5179282868525896,0.1044950821071994,0.7933915096067986,0.8010985128860777,0.09241322629351259,0.8703129097580482,0.04115753693242604,0.5451409667465151,0.35563229439028654
106,834106,0.8475662567122815,0.5287350164479909,0.6726729120286704,0.4109980749144976,0.003292212986696853,0.7023631243803716,0.045247874961801375,0.41033127820945703,0.2022365306537941
107,834107,0.6523281872509961,0.6465331616742002,0.3989552488457955,0.343310247880358,0.18477081186608374,0.5899600428333747,0.03257949480511379,0.18214880659937627,0.3553670438855465
108,834108,0.6079681274900399,0.13182778556760794,0.7519602575698258,0.713695242581253,3.2047735961450636e-05,0.8993592693546675,0.09113012015697197,0.5840575509295062,0.4297184882873333
109,834109,0.5973998741874607,0.4282193857785753,0.5338146011653592,0.7077775987306941,0.015978094383071066,0.797124497320685,0.05006113721556866,0.5966788714373555,0.19004590272687216
110,834110,0.6776530242665701,0.11927498035115044,0.5622796146305465,0.7682945293048923,0.000699677069580689,0.8859196815281228,0.041996602368500925,0.46654033792927563,0.49889215380355134
111,834111,0.6369361264618945,0.6054718999201829,0.48467301025480436,0.3781794630240227,0.0006743457182590185,0.5294734954934176,0.06566267856549993,0.5227184516631564,0.3748907353525539
112,834112,0.4845617529880479,0.34335915458255684,0.945020384194824,0.48136481394253416,0.002430969145773665,0.75983094218253,0.11254359778998185,0.4964349625478015,0.4908601395456411
113,834113,0.6921405287939153,0.18047774819636772,0.8268759656720831,0.6843499764484222,8.717627732671451e-06,0.8582834560745285,0.15905489681390345,0.5279017683411898,0.5280606637296934
114,834114,0.6508879735296105,0.18708760137577984,0.6523976997823836,0.6939701972744039,0.012503323525548693,0.8563233548218768,0.05166771163857454,0.4063332358412326,0.28406099026218534
115,834115,0.6143204957945994,0.07965752088279278,0.7383243111897074,0.7776076830480976,0.003373448627727239,0.9112079820777474,0.05265458871138939,0.585019667735699,0.463499988277156
116,834116,0.6534292935783748,0.14658510865175983,0.7107737502433168,0.7885213914170961,0.008605595834248563,0.8838815930245945,0.03961809714749546,0.6438566677120446,0.47111901810335777
117,834117,0.6858022455632018,0.032777874318375776,0.4481109950702399,0.909321072239113,0.027436543917723804,0.9174603583255218,0.0733271798865647,0.57042203343484,0.6636615969633111
118,834118,0.6484063745019921,0.1372147163157018,0.5772784062529527,0.7867846208195951,0.002893656645235524,0.8917724015515088,0.008167714736284908,0.5548705764381859,0.44284471752197585
119,834119,0.6474447039428495,0.35836108721992693,0.5237518206823931,0.5085729774067276,0.10565048905277336,0.6661598553469001,0.026641733704222716,0.39031872139884227,0.29000229533982513
120,834120,0.6622465362430874,0.16732127015374154,0.40504307841034304,0.7252312975864905,0.006591582750138936,0.8707404854831551,0.00734949664888572,0.33561065488492825,0.4537436539252542
121,834121,0.7525522908366535,0.1752559594106913,0.9277828728890208,0.6150568181818183,0.0032967758473748513,0.7680360366738646,0.12529361646910628,0.7160756273648942,0.27472091544560384
122,834122,0.6351905809597431,0.28929874505901404,0.500375466512356,0.5899134215873062,0.008408047083764547,0.7924185628851439,0.03659859794570267,0.3897168884693003,0.42158239246148166
123,834123,0.7153109416638084,0.5753174869210339,0.5777604062785212,0.4632380924157683,0.005932094036126203,0.7631184138164753,0.021099381922229987,0.39346660298754443,0.340366544547797
124,834124,0.5886723376763219,0.12487105421288398,0.6957182245355359,0.705037173301422,0.0073719506324129176,0.8625459937010789,0.059337067769736844,0.33255104066450863,0.40999799803708425
125,834125,0.535796209102982,0.2983251349331254,0.5340703224040829,0.7676012361010008,0.11329926192331728,0.7301656772434499,0.016863843130555334,0.824935826341473,0.597154285327127
126,834126,0.6474969686471506,0.4992177259820646,0.4396424754265683,0.45166294620000413,0.04637702321608343,0.7353989774606435,0.01230557761470149,0.2876562114001302,0.35867869335058344
127,834127,0.6869664200341492,0.07334610699365118,0.6430684232870761,0.8330854009055341,0.03310654534262353,0.9163078813801506,0.0391522602963768,0.40246519395211133,0.49200450494418946
128,834128,0.4590867300030647,0.6375343615767384,0.5001369676667001,0.35290680821768905,0.024280915721092162,0.522235737995588,0.056629357894227676,0.5066483689274637,0.3377515003351774
129,834129,0.6764600366307283,0.18945058787534086,0.7383452865460151,0.6736401475154762,0.004542493748616056,0.8252412839078576,0.21281290550356466,0.41146213478647986,0.3644970740041953
130,834130,0.5891434262948207,0.739046976107456,0.382159442202033,0.34859279321714554,0.02192842472580573,0.6291352074831137,0.008517744454695442,0.5485382034558959,0.36424221891590625
131,834131,0.6185748808046503,0.5218278402415358,0.7737848986112589,0.5500866775287059,0.00467620560851767,0.8815660963481082,0.022180746124497976,0.9369506544422482,0.5801843288142696
132,834132,0.7536682538140123,0.26971198405008595,0.7649269366055161,0.7372548625392048,0.10558084312748825,0.8273734952598613,0.025730051697635876,0.8288198975523446,0.4786919737813242
133,834133,0.5758143895008203,0.40187511357885225,0.4889668858080104,0.5345203790418664,0.06299183958418006,0.7390266807986957,0.05560572231836954,0.3213390797715601,0.3393203130694262
134,834134,0.8331673306772909,0.4435010611728151,0.42745386557231,0.37733307819123874,0.1471839933644056,0.6204454772103185,0.009076302515988871,0.25922791282753194,0.3085534291293406
135,834135,0.7503735059760956,0.21886191704763036,0.6474448462410732,0.6272944388836553,0.028458447712326654,0.7871659805909691,0.06056232274581195,0.3007320469503849,0.3786832005092666
136,834136,0.7295030404697003,0.3878227950489066,0.5376890191784792,0.5672738428737882,0.06041638124277373,0.7918651455357926,0.022033673626288205,0.3424349692626736,0.24742239555373713
137,834137,0.5763612217795486,0.2502867791301336,0.6581108846200577,0.6284542314335062,0.0014152082464571705,0.8227986157116394,0.04836949676383109,0.5159621833331655,0.34351647583432365
138,834138,0.7445002598302444,0.27727420623243687,0.599672784664136,0.5533059247578282,0.0055859535284738466,0.6531776313084464,0.012196780218414777,0.6438169142467541,0.34210730823490887
139,834139,0.5617529880478089,0.5037060695344799,0.5390992770071296,0.5630593499764486,0.005240063374737139,0.6056201375378287,0.018231335120617198,0.7242937513479708,0.3208635469201395
140,834140,0.6120780037743763,0.8274867749445396,0.19907549967565752,0.13555916404293827,0.6231678195370172,0.2658660882799233,0.021945872218758572,0.07984153608940348,0.3743791260317626
141,834141,0.5430044527771267,0.3549419675728531,0.5494714958759127,0.6667555623285585,0.053385342965006924,0.7835155018501436,0.019861511073622357,0.5190677019068195,0.39800542990539367
142,834142,0.7211155378486056,0.24975028413486008,0.5451785497329998,0.7170193795841466,0.003460684097017709,0.8642198640226384,0.010361730801045459,0.48476499466887135,0.42210678139461333
143,834143,0.7572785779957094,0.271577156660969,0.8015740378255057,0.5857775644045076,0.08014138541191648,0.7723054671973217,0.13261250300024494,0.3720600891511171,0.35612756040446025
144,834144,0.6317057351987401,0.04868761230101887,0.697262213956502,0.7738459726801696,0.0978297247413208,0.8629159130555764,0.040336329159333974,0.34782706352115345,0.5242033990100836
145,834145,0.729048408137362,0.7482224345734948,0.3304769337717355,0.3257949178612666,0.02079251201543349,0.5495333421735079,0.013698922440597623,0.4965736870491523,0.3100262032963861
146,834146,0.7158034528552457,0.14039423091987113,0.7860445212414103,0.7535916156382478,0.003561295594236112,0.8083387696825342,0.12937382104484796,0.7233293678283768,0.5062840139601179
147,834147,0.7373007968127492,0.03287049740904159,0.927121103716403,0.8163124116815828,0.10085546561587948,0.9362309917418064,0.1309946324147078,0.3988461891422759,0.464964458098162
148,834148,0.9329952915610287,0.5210431642316837,0.6341779499709762,0.4929398792446368,0.1333349151141331,0.6801068236871275,0.07595228993463138,0.3915072537404636,0.5388519571958517
149,834149,0.6912350597609562,0.08045956956763495,0.624381965483792,0.901865621425207,4.487383140852451e-05,0.9388773740229923,0.016307767549534335,0.8403906904375266,0.44681436964559396
150,834150,0.639398609939803,0.48379815585286323,0.4383844429385916,0.446367298032326,0.011832770925994251,0.7747629074396536,0.014931784907445872,0.2313471659641797,0.3891660544442843
151,834151,0.660667674131062,0.12445011386851106,0.6279188523777445,0.7184591583153314,0.0314794377999571,0.84858664511774,0.04367736936121592,0.5501707256202584,0.40771127668365126
152,834152,0.6315823661874242,0.3350571823265503,0.4181260715201748,0.592629380081509,0.09306065717217915,0.7371170067252423,0.019277029823192696,0.40307612664968706,0.4384719239932158
153,834153,0.6537899036764334,0.21511042214190554,0.685951515041738,0.6745268815922059,0.0482465313843638,0.8572909844557861,0.044844098247553414,0.47299860017585327,0.2916659225252096
154,834154,0.8094800286035346,0.14144289970499702,0.5384220784817458,0.8085392586687924,0.00028968551164836373,0.9019662964935364,0.0158494634992423,0.5729624168136646,0.6130386350821333
155,834155,0.6294392323180398,0.1099541403161291,0.6438500130857733,0.7802530148552215,0.04185477884677811,0.8614863900406409,0.07285322271455497,0.5497895904490068,0.5223011619267783
156,834156,0.751660026560425,0.18138320945903494,0.795139420564316,0.7039987214857683,0.0007778128520526422,0.8629912370626329,0.23140688107345495,0.3582298403688404,0.4913915266696085
157,834157,0.6414342629482073,0.2302927645962163,0.7359013256476369,0.7348754710315593,0.00022100853913521143,0.8518300900663994,0.24913338609867455,0.5188858572485365,0.18601578276949238
158,834158,0.8505976095617531,0.025957193318315388,0.6841950942937752,0.9922868582195008,0.404613816416275,1.0,0.07485061032573845,0.23729305603896422,0.518768919904121
159,834159,0.8583444001770695,0.09638608992665795,0.9198941641805151,0.6259507859248792,0.0038030016344501746,0.7954132758550615,0.08945377294510673,0.7151650782885683,0.23094131114983885
160,834160,0.6630718505289188,0.19973439106612859,0.7892644792254845,0.7772162846979715,0.09007440383484423,0.8128506052875668,0.07210091245268976,0.7058774155353041,0.5028726051116319
161,834161,0.5980014368754492,0.36949750481458116,0.6105381706275058,0.48573874736492595,0.003920521765757536,0.7504118402400599,0.04304237083473384,0.3182989306529669,0.35460154625048923
162,834162,0.7808764940239046,0.8418868075116402,0.3014025945975133,0.27441335160364844,0.0583595626365556,0.5471105056931105,0.018604287481543157,0.25102928304803107,0.4434504471670899
163,834163,0.670142957581439,0.1674552319673676,0.7604071756812666,0.6769381563270622,7.941474298526917e-05,0.8684608750930725,0.08564081304956703,0.5732106363835596,0.24064236980893705
164,834164,0.7495731360273195,0.11693806732439994,0.7014738938220103,0.7791570938314093,0.03276994977285777,0.7182121671635839,0.03181303535386345,0.7742880288609766,0.4912023879573335
165,834165,0.699535192563081,0.3041682678000745,0.7559434777326296,0.5538938608886796,0.004564303421760266,0.7855324419406335,0.17506982841130342,0.3981308221204297,0.4181917122671932
166,834166,0.3625498007968128,0.15438520159957106,0.9902587847780012,0.8340333385670176,0.13477352057481626,0.8567967288629967,0.08465210443597296,0.622271041828554,0.39099754873761583
167,834167,0.8289600219810416,0.040462033362425195,0.6606747964489882,0.8877056702454239,0.12678237634736914,0.9294177901061759,0.04027517294925489,0.3882303962110216,0.5250832318208236
168,834168,0.6974845715178504,0.18845943025472978,0.5939206342525941,0.771029019238407,0.0046836860979303716,0.8801501414045743,0.009565935242659945,0.623458945108094,0.4958285527922075
169,834169,0.6715100382782595,0.29006228020747543,0.7636499064169316,0.5866801972791001,0.003844654099555922,0.78360871057333,0.267773089224104,0.43399431153789025,0.49864753678179685
170,834170,0.7212761855802596,0.14480663065818014,0.7896520272933091,0.7555175269323692,0.002968772222038938,0.8849503746554057,0.25378983840965075,0.5513638428475908,0.39882786401944825
171,834171,0.4555112881806109,0.6215476081126093,0.5192191908419618,0.4091890406657247,0.055789475534316534,0.6477515428274748,0.13959766779876268,0.2449827782185966,0.3895173786793735
172,834172,0.5194223107569722,0.566445889722695,0.4638574726298309,0.4751825247291568,0.03056803482782583,0.7262431539928089,0.014871900959969382,0.38404904542498985,0.41392569211369246
173,834173,0.9203187250996017,0.612500400107617,0.13378241559458404,0.2699730465274507,0.005363174418054453,0.5022456195949064,0.0032797110798993973,0.21578750961687804,0.39546665749832455
174,834174,0.7111553784860558,0.7116972018110931,0.7190284626614393,0.42469382948657564,5.382828512980307e-07,0.7556453145171836,0.01451187039246142,0.5840872242685705,0.3100850821633123
175,834175,0.6947504101242092,0.11207118626165867,0.8215642864459797,0.7236949655038653,0.006772701420588851,0.8104905029731104,0.04194448735101739,0.7343832320956662,0.3484643131030112
176,834176,0.6236331270662034,0.1200876890305716,0.981457247332347,0.6080328419238133,0.002417846637487811,0.8321676071918409,0.15503679361893397,0.32531242668258703,0.6623157710389131
177,834177,0.7111553784860558,0.26786656555709987,0.31163795780066683,0.7531205840791334,0.3297928310113123,0.7558126794205948,0.03398302708913053,0.454351367614247,0.45635227411862056
178,834178,0.6702843797224893,0.1115190221811861,0.7892181155396086,0.7805595259365137,0.04847465440483053,0.8695743534755231,0.11507418681802109,0.44593651386975475,0.509557557901009
179,834179,0.5717131474103587,0.9689533594384734,0.01829143998812044,0.0,0.8328361363970828,0.0,0.019793169852005278,0.0,0.0
180,834180,0.40545510266625806,0.38910711350106686,0.5801892209873093,0.6450369578607921,0.05414724922970755,0.7842852747097147,0.03433744888802306,0.2845947837324823,0.24743478754416115
181,834181,0.8157370517928288,0.05443304891019521,0.6795564075219028,0.7858425577013661,0.19673397994344555,0.8462372877927411,0.03249850388622625,0.46746868351577275,0.36978116599612654
182,834182,0.6654760269267757,0.7809284504271237,0.40161770161802746,0.3543477025029643,0.2670351956540005,0.6036640732040387,0.06407411210152328,0.520858071108256,0.30046833834514763
183,834183,0.6457342436421714,0.38706409186758206,0.5864494969188806,0.5542731588787375,0.1685583037651152,0.714086884589509,0.0395726540355484,0.48338839520145394,0.3789527940658153
184,834184,0.7441811700566157,0.3958938476690632,0.522456718222788,0.5233935344720727,0.0030600927072741433,0.7733908739067749,0.03274230958034872,0.38652623238369543,0.3434077117098844
185,834185,0.6713147410358566,0.22041362870829362,0.5140330814075699,0.6423777000201871,0.11125339404546994,0.6983378858995191,0.03189206941967911,0.6525213624858968,0.38843217828158116
186,834186,0.6984788120246288,0.08425281546683805,0.6604882879853519,0.8782222840748511,0.12136783769360616,0.9255010980735786,0.08445049694718287,0.5193512945306656,0.5320530122793803
187,834187,0.6311052087944518,0.23747809032192474,0.7851406869428653,0.7024498002477277,0.00018321616039120706,0.8591379645222259,0.058137008477447634,0.6376091358403266,0.43201719625245727
188,834188,0.6634514573285806,0.14213544798727726,0.8613002260094934,0.7304821462511674,0.008941683980714045,0.8767529287305489,0.1928011397423136,0.5826263329045436,0.3345139989581172
189,834189,0.6360711002145265,0.1961925455376018,0.7236161748534008,0.7069911953331642,0.07624866790727858,0.8158219351535929,0.023301487356990815,0.6223986435269883,0.43143297648976264
190,834190,0.8937583001328022,0.19315005459485782,0.6975637319468736,0.6451534217078259,3.849794438581199e-06,0.836273055719509,0.06026043541268431,0.46137560334590355,0.3591526367796083
191,834191,0.7081240256365842,0.10198796643187262,0.668726959198155,0.7604147467010723,0.00403560819711178,0.8493362083870097,0.05304329475288463,0.5813768442764905,0.4099421124018876
192,834192,0.6381914203650514,0.4506162878766811,0.6564567792595449,0.5375086264500653,0.00022332018650448164,0.7484273985413766,0.032765572577858636,0.5146045993177327,0.38751312290593143
193,834193,0.6377647305514784,0.16138564458845064,0.5499491638501331,0.7559281800828025,0.030449346577270817,0.8682146443669443,0.08204279990823718,0.4170689807607727,0.5056400454019769
194,834194,0.7204515272244356,0.6341280938517617,0.3339070156728807,0.37021510441199557,0.1641346427208512,0.6396197758369871,0.021455438642414483,0.13071445864888576,0.29759673113868157
195,834195,0.794370903482843,0.12215634479867304,0.46606621619091226,0.7795249418807837,0.1851800275438392,0.7979638935059568,0.04291675286947374,0.47497369015681734,0.5281315334601606
196,834196,0.6794639623324883,0.08101429745387247,0.5601514762894139,0.8479799169271616,0.009514264655084807,0.9083311994034498,0.1258691005322571,0.6789365352013429,0.7946664493358044
197,834197,0.6160811300253533,0.3540128216843152,0.6611987587853915,0.5445258639147006,0.14292429632938358,0.7572334476384178,0.032960245216895466,0.4005165262664936,0.39128272652927887
198,834198,0.5695343625498008,0.14034581234266538,0.7163948914642871,0.7590710374470091,0.0035103969092927147,0.8772047240610288,0.047292845069684626,0.5211009256451035,0.4251761681126798
199,834199,0.7609561752988048,0.07307758056626108,0.6766272160821073,0.7238829823026717,0.02602776392981509,0.8949928514717156,0.045762750621779556,0.5102129738894334,0.41541875361947644
200,834200,0.4799748374921367,0.3810406200806641,0.3463033841742197,0.542420730346828,0.05429422764802837,0.7572561621051462,0.0016637470794135453,0.19623618466628356,0.3939486136370256
201,834201,0.5083303151032237,0.6299461121676769,0.5291199452167091,0.4598392069541387,0.00050397162825272,0.6405306612393589,0.04812323472080749,0.6519987070819211,0.3857255012987426
202,834202,0.7017336061160764,0.3273257670686803,0.8249582519868842,0.5198708482387238,0.012699414105269546,0.7533830083300861,0.14405915450672263,0.26101623901048443,0.35981217991811354
203,834203,0.6513944223107571,0.12116348692466201,0.8975890916594508,0.6657189960298769,0.012246684739052601,0.865508332966094,0.12604899975199835,0.4496299066329027,0.5870591300282333
204,834204,0.5594094211389735,0.5631296366804258,0.49122097912426577,0.3760494306059683,0.006673839691136975,0.7201132426491783,0.008982990463396325,0.31921994517109537,0.28135538955929396
205,834205,0.6195609717990782,0.10360355521124466,0.5113100914866803,0.818709419707591,0.0001952897685552811,0.9035276824454161,0.01641991724654697,0.5742670218000074,0.5800512066413301
206,834206,0.548472775564409,0.16841795771533555,0.5902280734910971,0.7272334746428012,0.3204135685827252,0.8030035618622826,0.059686627829717474,0.42976113335101584,0.5538701673435238
207,834207,0.46215139442231085,0.2910108246612519,0.5713684023766775,0.5410218020321648,0.044784506924049665,0.7417564356621618,0.0010894541995513513,0.44981536500205543,0.3880217499260057
208,834208,0.6786188579017265,0.19061601547911078,0.9384489112680049,0.8450502433663055,0.010707461803650115,0.880727903277374,0.09167719260953833,0.7829315663769449,0.17964101302890323
209,834209,0.6253447747471652,0.029952147023497747,0.7107395527107448,0.8844930975759994,0.3847398235055339,0.9124450189620639,0.06221608426728761,0.23076406548308726,0.5311847254809137
210,834210,0.6710503120262314,0.29960041104256696,0.4348286457729166,0.6489173568876904,0.08017959879935482,0.6649038827952203,0.0319054766961946,0.6717899126122797,0.4075991270818897
211,834211,0.7237280386650122,0.06877486234404317,0.661090929531234,0.8512283499223957,0.04090124763466407,0.9258954514814436,0.05373054721022479,0.6335412185536903,0.5202257524011487
212,834212,0.6862549800796813,0.13194849430301983,0.6847425169562943,0.770229123208398,0.014148889160801346,0.8635938711213185,0.023606259550435015,0.38527585253693475,0.35109164499692325
213,834213,0.5398406374501992,0.07732785183829043,0.5556660154781027,0.8298819056591078,0.0013553781075353946,0.9006798868083465,0.04500126753021814,0.5015860687510163,0.5081570115453433
214,834214,0.6414342629482073,0.4178114383284519,0.484933245136817,0.5174409674578632,7.387589911580027e-07,0.8471404143586461,0.0124066037683963,0.2680984168618805,0.4957318212923918
215,834215,0.5964528980850792,0.37532479613199243,0.5264407088178079,0.5624439700363151,0.08261250613672752,0.746374448555171,0.036434115998101,0.369651284062226,0.322387321896751
216,834216,0.699535192563081,0.18551884164948138,0.4175938550427257,0.7128899094572672,0.0014117448843747559,0.8619451060776417,0.006778353277156535,0.31108142888994095,0.3668725158914672
217,834217,0.7223107569721117,0.21452419432468975,0.569236335164761,0.6656657246035484,0.0028874870125156172,0.8164425542244227,0.005472237656496487,0.5553152128782292,0.4453634606888386
218,834218,0.724271231904067,0.1502871885533273,0.6126918244155096,0.7294244320805138,0.009107532059292052,0.8776032577137953,0.0795658874289916,0.4588958474489232,0.5428618564431953
219,834219,0.9086985391766269,0.11024044072941666,0.7448509658868473,0.716806994818653,0.029924934947050397,0.8727099905769948,0.06893386684446406,0.450719088180072,0.48027914581663245
220,834220,0.7068278609699135,0.013452837569033212,0.33087598970875143,0.9591562850228208,0.008499777158565413,0.942119403677396,0.05549548206662932,0.46476382116505266,0.6326018360075034
221,834221,0.6908200531208502,0.2522753252531817,0.5855011508295421,0.6791992954152929,0.2046048184633467,0.7819703689468992,0.029407815947069323,0.5659296908137194,0.40202153069880686
222,834222,0.6674319670470661,0.16437974233041605,0.8340140801726469,0.7026922647037692,0.006001669687876634,0.8862564892266859,0.08609256010771382,0.527550711936715,0.38205574165478784
223,834223,0.7726740098429812,0.1263023175284025,0.9638687565958791,0.6887832146518524,0.019976308889898875,0.8557363970049063,0.1289551288426674,0.44833824363833363,0.3543437095266464
224,834224,0.5935660343699829,0.471241751717887,0.4773475925312888,0.37083277676619264,0.0032880833394683803,0.5962684416022879,0.002752091392150241,0.3568818994161286,0.4433316690140974
225,834225,0.6930795337169839,0.24387344419744353,0.6846358068856279,0.667314335060449,0.04721219929020667,0.8277213914581609,0.05910793409510335,0.3823404586829574,0.44576332560274556
226,834226,0.6414342629482073,0.5087418823782921,0.36904364585291183,0.3666754230225733,0.2705427192707456,0.671458174732627,0.0019811829374052833,0.20286756025543035,0.6240132384037036
227,834227,0.6588645418326693,0.188978072119809,0.7170356520917421,0.6668236771863716,0.15260474154856707,0.818863794588599,0.09850070338498357,0.39054657938825277,0.36295617142169934
228,834228,0.6669986719787517,0.12375169296719322,0.7031195917761247,0.7686986444758467,0.22802186976644764,0.8416845209298041,0.1309414245875357,0.31993124468483686,0.5043294938419574
229,834229,0.6733897742363879,0.12109152744584534,0.9076671908959594,0.7025288506829959,0.0009379093086720493,0.8653424731427493,0.24528678291656722,0.4205519662077798,0.45569895101588975
230,834230,0.6859371026532171,0.05568816142365349,0.34444239878056726,0.7538271314178052,0.13275403035071132,0.8017487990268047,0.04191428746585107,0.4033679083361874,0.4670246941063654
231,834231,0.668548030101815,0.28113439548085145,0.4294986973014566,0.5894027712356728,0.140210975675359,0.6811787690756859,0.008486299704578197,0.44696600322487945,0.5015092481500449
232,834232,0.7076102370180295,0.09652917558041102,0.8890322552598152,0.776979530086143,0.03323983388450053,0.8577671908847274,0.09624026624635801,0.6593496881691225,0.44980330273352265
233,834233,0.766351261620186,0.09318592520214347,0.7251869676147792,0.7486752237399907,0.024858327755090462,0.8796402822518792,0.10376306506644928,0.5232105145942147,0.5086781213975338
234,834234,0.6414342629482073,0.7988554328079146,0.3288669421087277,0.2896729794131502,0.004926869382377622,0.5356648305539782,0.0798966457557009,0.37899290481609715,0.2597502035853736
235,834235,0.6660026560424968,0.2087512641245766,0.8381937327761265,0.6130784155395556,0.003416851284331033,0.8021595129609067,0.2188112017392669,0.35854635598552775,0.469423903794177
236,834236,0.6762948207171315,0.41155479362929503,0.4658995032196228,0.46035239048516263,0.001089277979996213,0.7747682598119783,0.016520019612825836,0.21970151834447066,0.42770851976209534
237,834237,0.7072274283149094,0.11529471997226072,0.769745204219363,0.7638282592398481,0.012910804176363698,0.8973010422619259,0.10151572112969595,0.5967375747165461,0.44380444039905287
238,834238,0.5780514306410722,0.10955631525177406,0.7924525094895113,0.7875754721020854,0.010024609964703427,0.8717990477079295,0.09228249652662807,0.6549639335068957,0.4466976690450406
239,834239,0.7072089002480644,0.22516874092910777,0.737416319225202,0.7662472560189834,0.07616535131336681,0.8334250125878081,0.0307057784155391,0.7104624061451468,0.4817595437447908
240,834240,0.6041415732419162,0.25946025451839677,0.4941027422440071,0.6857603325701893,0.08057337143082983,0.6857644330220023,0.023375562081398495,0.7183871179397253,0.40700305026485073
241,834241,0.6623505976095618,0.08652861209645407,0.8623206663336799,0.675435704192181,0.004740486462801308,0.8644928012622446,0.240721203797963,0.36968826206802397,0.49831692712516373
242,834242,0.5916334661354583,0.6248151822219878,0.48592724944507537,0.38438698607092403,0.11003903893557848,0.6160340875349751,0.009609326494480312,0.2833108411768101,0.33243305519037625
243,834243,0.7890789782048278,0.1341593267082024,0.8322217978272203,0.6673097171039872,0.005200052111409107,0.8939737883188251,0.058955026290611605,0.5545698884205522,0.3290201845074745
244,834244,0.6414342629482073,0.6022102294591437,0.39216167832338367,0.43368141552580797,0.05070187398815487,0.5991245615371621,0.05032447400236068,0.5061600105618439,0.3899307990404566
245,834245,0.6291305366768223,0.12097780573815613,0.7162150830336319,0.7956658169626778,0.006610187943113733,0.9122922771714088,0.033617372347828904,0.436058717737262,0.37036719262496853
246,834246,0.6271324956583921,0.18817934469000602,0.8573727337770157,0.6261353068347889,0.0003440200338165415,0.8298818837244977,0.1852325297665083,0.5081529593889995,0.5423217640143385
247,834247,0.6938561543300483,0.18722182604219936,0.5394177223232762,0.6884316596956359,0.04830393321747092,0.7972248782396565,0.02405489786492955,0.5163832063676979,0.39172444447779475
248,834248,0.42355577689243035,0.6432934491291461,0.4435884282570838,0.3797250353273669,0.034120548540468615,0.5778333493473854,0.010044469822230805,0.6509217840519552,0.6275545207422337
249,834249,0.7598286100879501,0.38399621840905845,0.6089486691690772,0.5613929647437322,0.00017775882528356255,0.7812761351474027,0.03409843900217264,0.42054058647058457,0.41232010609940906
250,834250,0.6972111553784861,0.5996918285671722,0.4312454878032316,0.281547338671691,0.4122743744264593,0.45523735353463846,0.022158477055562474,0.1858061035948067,0.4962997065395749
251,834251,0.7529880478087649,0.19491607194278762,0.7338088745494552,0.6815237870937353,0.00020707301183959333,0.8413546876501319,0.3349390754745695,0.4507055651739881,0.8715759169217665
252,834252,0.7070541363955942,0.08799751976812549,0.46523958774216656,0.7584681776620212,1.170819965829268e-05,0.8786925156270871,0.03166526668420266,0.428422196654506,0.6056600809858135
253,834253,0.5617529880478089,0.20268990447708918,0.7338664979876152,0.6562563084583812,0.0016677600654633193,0.8378104047027852,0.08168523315573642,0.5637980786832713,0.38269949786518476
254,834254,0.5856573705179282,0.2028634138609412,0.8198060936593002,0.6744583137070186,1.2646667829974525e-05,0.8549015641514491,0.15028067410386334,0.394830667715679,0.5724473836831241
255,834255,0.7405689741035857,0.24073576499029245,0.8181182671409478,0.7860909532501179,0.003254722102887497,0.8946429203562201,0.060886286421362144,0.7382161690760001,0.4819352793029803
256,834256,0.7681999275624773,0.20937822876316733,0.7688465441978675,0.6776591872564555,0.0019313385578969076,0.8422272619235345,0.07411074093254882,0.5154684706746792,0.4551941367865553
257,834257,0.8869738437554133,0.07269699714231784,0.766674277235614,0.8414287615965921,0.008178766532063586,0.8984971490223697,0.055119943467722386,0.6259524352529418,0.4310937408538775
258,834258,0.606573705179283,0.14147068303174837,0.40507976497428344,0.767737282147904,0.10916597054652216,0.75515157300132,0.01568962996170295,0.6658917517869953,0.5136558695362854
259,834259,0.6393836419029764,0.29473730621044414,0.5834015321100697,0.6468181125488349,0.03523934166647805,0.7079807391114612,0.021902986027055545,0.680070385024835,0.5044866269312305
260,834260,0.7247122620628597,0.6780875276791306,0.1746230273904179,0.3575775566546292,0.008806570288006113,0.6820268816932417,0.010627852686248357,0.18621359684480598,0.3597616127506984
261,834261,0.7106745432064845,0.4308577285049693,0.8659871066127368,0.6998777754316436,0.0017589675709852163,0.8732191051882565,0.05040122710099008,1.0,0.45892812983441766
262,834262,0.6496367471291307,0.1244387947938146,0.9889801470488976,0.697649691058713,0.04058337595214968,0.7549004238319634,0.247151563685905,0.7115334882625466,0.13658261824084383
263,834263,0.561149342025836,0.22880752505400448,0.7535981601454015,0.5777897914614826,0.03583758700832681,0.7988789857174579,0.19941190156248295,0.3714282943068704,0.41527107289046206
264,834264,0.7211155378486056,0.7875660947154727,0.4271657483815102,0.29936578965076377,0.00034775441992569185,0.7077657074369981,0.011856325781054958,0.20905331016809087,0.43687663706507873
265,834265,0.6744600545187671,0.27611533438784813,0.5683836093737454,0.6391371445571067,0.0029313610834573386,0.8395071717667208,0.03611221122172412,0.3735487016608491,0.4492489223470162
266,834266,0.6252409715974812,0.2431580369447628,0.6866022669523907,0.6553207572971905,0.027810935358712468,0.7346564039704191,0.036306500496097106,0.5919531717824184,0.4130774024520387
267,834267,0.6460823373173972,0.2372701276689623,0.6841614806215149,0.6273944104254986,0.2794449492993413,0.7577992647021641,0.05325104597150832,0.31191841281316945,0.38318379669960856
268,834268,0.7701501685565433,0.06552737546749741,0.6990264807617023,0.6410513062067468,0.0003699702412222366,0.8154912806404896,0.214753421325986,0.3430341424553206,0.623925480580608
269,834269,0.6259406817175743,0.09859261972173172,0.8361774459908836,0.7168097206957311,0.011597542139563296,0.8847262655362058,0.1191188605381856,0.45317456557368874,0.3967668625808174
270,834270,0.8152007355194608,0.22099136123499838,0.7994951614795828,0.604926808942353,0.006875305244506138,0.7451427824538378,0.07244451406170527,0.7206930057807301,0.2039041247236062
271,834271,0.6010162249552515,0.2618413146936367,0.4909837061436072,0.6794860636097403,0.020804398019454114,0.838257562681821,0.026845572504162175,0.48506858195576696,0.587503641926058
272,834272,0.6684579511411719,0.5822021733255927,0.6029563204346452,0.3936230907703375,0.04364238005763015,0.6542059701875197,0.008804442060109725,0.37262385384010566,0.3418051767136867
273,834273,0.6644998951562173,0.15118618813259485,0.5588732147335821,0.8084384595497223,0.0005174682677225565,0.8942141388881801,0.013358357002722608,0.6616234640245726,0.5881275147364229
274,834274,0.7381441974039327,0.08051061833295141,0.8155616627336767,0.7563532280856365,0.00493300224832997,0.8874846187614325,0.10880594345983,0.5694539606896233,0.519057005154469
275,834275,0.8293781396154514,0.11574110890837759,0.5904217174725946,0.7640669479202934,0.16886897464981324,0.8844813722862503,0.04480232371986528,0.3635280365612129,0.443985788500449
276,834276,0.6588645418326693,0.04425332600697434,0.5044291750475854,0.9222209138012247,0.024815145332250915,0.8954362480593498,0.05784959242813024,0.4769618337867738,0.5169646583025775
277,834277,0.7460159362549801,0.26865801902330205,0.819205936820041,0.7082030859703965,0.05699531960444784,0.806671852461084,0.038218589793920364,0.6213265623005992,0.3530775803957742
278,834278,0.6646746347941568,0.1481132671596745,0.8323305479433559,0.726890014130947,0.007652697519497453,0.8819886586798691,0.06387870951640262,0.5575950113972518,0.3258173133778377
279,834279,0.5941852425010701,0.16039796471026627,0.5192191908419616,0.7559380145825143,0.00020829639594554644,0.861612553868756,0.03140157586767294,0.4628464976841693,0.4822782689014502
280,834280,0.5520482173868628,0.5204668997778925,0.5154613546611061,0.5187391048790013,0.02080707446977217,0.6539844884565053,0.07858212190321623,0.5384356163773739,0.37921338544364036
281,834281,0.6805759418466486,0.3307792243222873,0.5182284720806157,0.5604356215550654,0.0038363328533964304,0.8209778934220042,0.06843044597658957,0.36142297797386524,0.4709773387688494
282,834282,0.6163659966874078,0.07793057417607062,0.34103651332738627,0.8089351775894829,0.061961637925595454,0.8433895613117628,0.03195375287813334,0.4094954652671299,0.47228532538304724
283,834283,0.7766509718700954,0.11732470762788913,0.7634377987524038,0.749188184244708,0.0017574488321140012,0.9007206936337171,0.04615530490485654,0.6169077356580085,0.5514177683287964
284,834284,0.6924497133417551,0.26242600057369625,0.47824330451142305,0.5518292682926831,0.0005310716033468363,0.8026074247887409,0.0007647769190448073,0.2989006526227758,0.4947470352011951
285,834285,0.6587660656807797,0.16374809442568405,0.7755035015099953,0.6794533771898312,0.023806103607249093,0.8334144035782792,0.17844755839145043,0.4298344784687598,0.42049876530756713
286,834286,0.576125876241868,0.17251098005665985,0.7941960495092087,0.6240847677933665,0.00555826209789219,0.8451693820460096,0.09211555044248546,0.4378812363257971,0.3859187999178857
287,834287,0.32071713147410363,0.7438872030731858,0.47747100989510904,0.26755770136599166,0.17426310476967016,0.38839301517626423,0.038840744486192604,0.5352189439968486,0.3467201358120797
288,834288,0.535796209102982,0.48029474832703173,0.5249946308938976,0.47977240611484606,0.11551038986901564,0.7002255299540159,0.004162571336780128,0.3385639473029056,0.3629200613152228
289,834289,0.7721613545816735,0.20298172530820288,0.7180020451692158,0.6822156146961846,1.6188687481451387e-05,0.8738299206545871,0.08284320381080643,0.43498912750310836,0.5303151738801186
290,834290,0.6790615316511732,0.18335080841830312,0.5612522876774938,0.8065938810757465,2.929673067120602e-05,0.9011391971092189,0.016048643894432717,0.6600633361647713,0.5904582210381479
291,834291,0.42355577689243035,0.2872047198091548,0.5554589312472157,0.6979657324540746,0.007779638914559512,0.7659231300223017,0.01863881652533221,0.6052410695000443,0.4257815934147333
292,834292,0.7146414342629483,0.05850936639542766,0.7839268598890342,0.8433525671219971,0.028430630126318954,0.9230326737229637,0.15363857621954302,0.5279327483187641,0.5323273162843583
293,834293,0.7466736826279787,0.1808381607128184,0.47161462027910284,0.6838167331739531,0.02757525083808937,0.6743592001777798,0.036124142904463426,0.6451576154661831,0.4256430804073805
294,834294,0.7263121427334143,0.1967521685065798,0.9705485068122414,0.5505155747609002,0.020104121983582385,0.69623527595876,0.05788909624463911,0.8303356214665115,0.2719319232025321
295,834295,0.4694555112881807,0.1992193649967553,0.7579434912320965,0.7728254043020885,0.00048604927143303215,0.8730726245682527,0.14130561422618432,0.3816235590537552,0.5013009035864948
296,834296,0.6336874723328907,0.29358837011750255,0.6509847861009489,0.7080651070288376,0.33649618124052066,0.7429382245304935,0.13001529394724,0.6764712502134149,0.4368144158171994
297,834297,0.8148867942862696,0.01602921774073862,0.6750554548217295,0.8382107119469687,0.5828848333523728,0.8203343018648375,0.049422359031171904,0.38856886943310853,0.5657740459774006
298,834298,0.7669322709163349,0.3161329570560665,0.8684114637471819,0.6890838436175225,0.00014838328776868676,0.8647557688514893,0.04830197330042139,0.7225764068496171,0.4450838128940231
299,834299,0.7111553784860558,0.26085776446262937,0.9661465772102001,0.5869642016015073,2.8887846352994313e-06,0.8484092989385212,0.13316705090109832,0.5810457070144672,0.35596520843173307
300,834300,0.6984788120246288,0.45245975200468963,0.51463550826106,0.47786686935297384,0.0454771981270863,0.7288960464294104,0.028740931473888696,0.31917343181540936,0.4660395005522544
301,834301,0.6730060888521388,0.2619263171800583,0.6524434926329844,0.5570381446689003,0.00115356659498582,0.8021265261494838,0.07368172746358423,0.5016247350713773,0.3464053384446313
302,834302,0.7124230351321985,0.10100300495516744,0.8945677900268391,0.6440981886695502,0.0003955493514065577,0.8602331860500292,0.16046638996079376,0.46387648135417403,0.45378995324153326
303,834303,0.6095279897359716,0.888680762431772,0.013745902969035995,0.13800905338623795,0.8303318164582001,0.21648583930674636,0.0179154049435757,0.08937561004090361,0.21345776277378858
304,834304,0.7356030423759508,0.615469808742953,0.3251853590744205,0.34348064794367206,0.09080267712385727,0.5957581961789443,0.008225843462663668,0.3203907131111204,0.3305164279476882
305,834305,0.7320717131474106,0.17833104450564324,0.5510849521443902,0.7467616580310882,5.827335043643399e-06,0.8944539124014503,0.022933010900556,0.5890296898064887,0.5678700640565386
306,834306,0.6731256791017748,0.0,0.0001813101109777726,0.949840491585664,0.6711115927946427,0.8857065621906857,0.09421070665822037,0.0627890383580958,0.44537357910746644
307,834307,0.6399967141742309,0.3868632150139522,0.5220261057420191,0.5307487702191511,0.002506054446861694,0.816008657702169,0.038072107171660534,0.31962798732338327,0.40528957454808
308,834308,0.6251885661238541,0.10889603853640664,0.7167109374907844,0.7924928773625894,0.004179045359472845,0.9010729774829338,0.08791657402811565,0.690330922256049,0.46930074730748084
309,834309,0.7314539311109991,0.09623513885274482,0.786818061192912,0.7472088398910068,0.002328488025212602,0.8851221477410554,0.0963555010525669,0.5790195156421173,0.46295147365977707
310,834310,0.5717131474103587,0.16316257647923002,0.9096980169283314,0.6926584497828021,2.59756270414993e-06,0.7709305063193697,0.24618544077518148,0.7963031147928508,0.4118513284615737
311,834311,0.6484063745019921,0.7168085518475624,0.46915162601077254,0.28356394253414985,0.11808374224868459,0.5834922095851688,0.012640647691122608,0.16229554613732583,0.35722431914968467
312,834312,0.6746347941567066,0.1781488104001376,0.7499050216087894,0.619919588183837,4.24769492782163e-05,0.821178908747116,0.17642348943984748,0.5032273753180172,0.46037904336024527
313,834313,0.7191561622363007,0.34327967010752425,0.1500418815424005,0.44835930441765826,0.005480854154657879,0.742870175172726,0.0007076987320856071,0.05128296343959515,0.45683390116920264
314,834314,0.6812749003984064,0.10509291149363657,0.7535304962596835,0.730527891797322,0.015457198326231476,0.8707243384450669,0.10139158712621493,0.5540893330581302,0.46248965213147053
315,834315,0.7669322709163349,0.24015164289669366,0.8457424031750743,0.6310449050086356,0.00010322606228794744,0.8485694394576127,0.14417734740531418,0.3360737472007378,0.4440338583211165
316,834316,0.5960735371765948,0.14283916165250762,0.7098694601563237,0.7244302220658424,0.01899879651247363,0.8744440042018761,0.0584269036837707,0.5069320738247051,0.4356783740061321
317,834317,0.6867529880478089,0.18924437841713543,0.8470533363932123,0.7925547574187473,0.0002491157589797795,0.9197891960777373,0.08007722429128142,0.668382689507677,0.4414727390062416
318,834318,0.6646746347941568,0.15621147112472664,0.9442080537818754,0.7102567121997175,2.425094019789241e-06,0.8696613505633294,0.16596491826550863,0.46901030620935413,0.5318146673072675
319,834319,0.6765693132979893,0.17238823508843962,0.7711311670905533,0.6570523994792693,0.0007759607339554235,0.8619013599971745,0.07880622175772908,0.5093161050044894,0.37266976848592726
320,834320,0.5516563881460459,0.2120490479475644,0.6909804514776462,0.7405995328399332,0.020761077435543937,0.7205949274549595,0.02252689073062051,0.817614878390219,0.45199292209330144
321,834321,0.835559721896727,0.21638285017114087,0.5809497113099326,0.68395745014916,0.018649043409141128,0.8408567150885984,0.042043786561913994,0.48275095314425964,0.32894461876836223
322,834322,0.620386379012253,0.1649136187336765,0.9329717853503271,0.657110132510954,0.0004155453227514497,0.8319269751599634,0.22219212842453737,0.41842671098369566,0.5795142065734984
323,834323,0.7049775581219426,0.257804957993071,0.682862461110001,0.7481687902836326,0.012101900150906881,0.8164196245772786,0.0994581614598731,0.6376114486357414,0.4332500565406485
324,834324,0.6636311895276039,0.20542019727493693,0.6713203718249047,0.7164954771357438,0.018447123359132223,0.7921198892770218,0.03919360119234192,0.6777707246244475,0.4316317573507775
325,834325,0.6946028834303077,0.3439729323728676,0.6750221891415144,0.492870564594015,0.030095216773436222,0.7375345886239888,0.09527935840138824,0.33994035406263967,0.2822611539548121
326,834326,0.6623505976095618,0.07201227245189337,0.6385645342008991,0.8104981158737637,0.2975339566483241,0.8924867125511398,0.05549918010620752,0.26301705913228185,0.5883073092403468
327,834327,0.6562822782942306,0.01680017318929971,0.3295353708528511,0.9415637375481936,0.03426701839350871,0.9089128687610051,0.0599254975981521,0.49586759731476426,0.5895794954379243
328,834328,0.6744600545187671,0.07382138662895038,0.742873951215769,0.7763560750675561,0.13574371031410862,0.8527096707395591,0.08356678148178723,0.5312901548608517,0.4002694299890788
329,834329,0.9358123063302346,0.25524415659226,0.8896418591465637,0.6635460825875334,1.5930313593620964e-06,0.8530938305443598,0.09362875310102634,0.5104808582004317,0.4013780625142187
330,834330,0.5814416751598259,0.2548978648846937,0.6276819123784142,0.7005759182376848,0.004472879205082213,0.8229391943900874,0.05089437549001515,0.5543252533556338,0.40461991265902486
331,834331,0.6362697358713296,0.1558425402238015,0.8169367309991252,0.6776479533387997,0.04194692630392052,0.8493821916125951,0.10680097731388893,0.5525684599506037,0.3892239211169124
332,834332,0.7455249424835868,0.11940160223903097,0.9332070721234681,0.6855773122010443,0.012007717443109165,0.810321947971592,0.21090541014992134,0.6444522255694476,0.26869761723733543
333,834333,0.8211598052235503,0.23633003891079227,0.704632207027822,0.564184592034333,0.005532346449089653,0.7683294871513924,0.09981972790306018,0.39386422354753914,0.37201890873235044
334,834334,0.7301702281781963,0.29085155371611016,0.7190219145434663,0.5007118999700253,0.36673227532209446,0.6534181419133099,0.14402189900425608,0.4001078856099174,0.28099133108908325
335,834335,0.5773662108323463,0.2421775801236668,0.8118761741343649,0.5887114740741685,0.004230187742435613,0.8125889856216595,0.11463008891191609,0.4069945312812161,0.2911625381218057
336,834336,0.5938725717285895,0.15271886485105085,0.6578013261499428,0.7376696535179486,0.03839626827685903,0.6986070362176701,0.01771365963311236,0.7004889476547187,0.49349790073416755
337,834337,0.557768924302789,0.27979181766400457,0.8264817689701257,0.6722209138012248,1.185491807882314e-05,0.8468694214207331,0.13661074753499267,0.6193428602444885,0.45020999349103086
338,834338,0.7529880478087649,0.11093299189591418,0.417974809995005,0.8061901397393626,0.0006554341893862558,0.9108051022455073,0.03259283813657803,0.4293283971563263,0.4250549091419491
339,834339,0.6954681274900398,0.191610449050887,0.7710444199954102,0.6699982336316535,0.009443450895361298,0.851305103088352,0.0827300027103843,0.4600770083902327,0.42366206138779505
340,834340,0.7250996015936255,0.19762393706534995,0.6783463153205446,0.7810292039566652,0.004613500443112864,0.9056553202894666,0.04227252521477936,0.6059713118285828,0.5403171042131045
341,834341,0.5533654854267143,0.167613440522015,0.9339146037942024,0.6146249101321369,0.012805448865300252,0.8408688097815427,0.19687763366333227,0.3596601473702352,0.5787508456158605
342,834342,0.6879150066401063,0.27841740261245895,0.5682087171842426,0.5824277190857502,0.024956579475866193,0.6351259679771941,0.005490962650551275,0.5640861573500217,0.44333927706528886
343,834343,0.7085731149476171,0.1429497443691863,0.8821223561669312,0.6310972418485372,0.016722596110631923,0.8026829686593454,0.22782832665409528,0.3273981878605367,0.5129403734940976
344,834344,0.5201801489693401,0.16198600350841422,0.6981023858253247,0.6219894939482686,1.8835263232725058e-05,0.9194015332593536,0.06777929764994126,0.20198573362190414,0.46457919002912296
345,834345,0.6160811300253533,0.3154266128018449,0.6617411612241316,0.5785106124837638,0.029081161247043522,0.797734249183858,0.08365790870020814,0.34240349753942334,0.3707163028676608
346,834346,0.7211155378486056,0.1719261992006605,0.38927833779137155,0.7698926720947447,0.15566593228485237,0.8701770913328339,0.020929436536693602,0.6009639358614616,0.5366117212431332
347,834347,0.7020613199376409,0.37470299244725386,0.6394392204116633,0.5556098834708881,0.00035145763519936073,0.7980758511981627,0.04005150408201195,0.488666877487696,0.4117987688981479
348,834348,0.5776371637632478,0.1786555022661626,0.6267697602415293,0.710180515918096,0.09209994451681648,0.8251513757591017,0.1404419057957189,0.34549806271920125,0.5307348774527691
349,834349,0.6863784531296304,0.13946549028922903,0.5835907622144793,0.7051571143283129,0.11999953696874995,0.846962935403717,0.06093529489037643,0.3645195357870259,0.4819072218911009
350,834350,0.6179637884107136,0.1322932673018136,0.671598953029474,0.7749652555929171,0.011310369657370036,0.8501003127221387,0.04007115019364691,0.6665758016690091,0.4836064434048699
351,834351,0.7748137883249611,0.3267768528561394,0.5268480329809581,0.68393014397182,0.2096574524988701,0.6710950467328147,0.08658570472235969,0.3688563361410421,0.43274604012175377
352,834352,0.5170668676644772,0.5906961708374248,0.5075543380901321,0.41643804661939376,0.08155999722635342,0.7067773335605825,0.0362814012570185,0.22749087949487717,0.3397277000680514
353,834353,0.6322905100907845,0.3391504914237264,0.6727289747464812,0.5553124251947833,0.04382089015718386,0.755820417012544,0.05427262323036527,0.4548279094811041,0.32512825154592573
354,834354,0.6304780876494025,0.5106928301526764,0.5487800146179939,0.3984889980485836,0.11409943013563112,0.6640083340497515,0.03575282273933921,0.26938755411267523,0.34013817676935276
355,834355,0.7927439179452405,0.123918029714409,0.7383660302864844,0.7658284142271576,0.0064001279987111505,0.896471467747574,0.06494494359652647,0.6022299851751343,0.43440000609723106
356,834356,0.6414342629482073,0.9457384014034281,0.029131849291952783,0.08416065799485486,0.8305070617601568,0.02499748119062084,0.021385776426770114,0.016994049676450795,0.16224762653482028
357,834357,0.6836894844862973,0.22095719449285864,0.7849505489987688,0.670647240183274,0.1338047431492584,0.822673261697652,0.13383470268636316,0.4475819966414111,0.29184238646525973
358,834358,0.6778104971418675,0.11072615679799713,0.7572039904423774,0.7816026336808046,0.002106254689088951,0.9177063157735039,0.0487630670275413,0.5635819793661714,0.40770476873523886
359,834359,0.6800033906925489,0.45235380273459425,0.5798096230518043,0.46034690973231374,0.021932213837170332,0.6601218151090374,0.024177335650548908,0.4445515040563184,0.3819385889400182
360,834360,0.6022161354581674,0.13748100942040486,0.9220790528774113,0.604642604804522,0.0047785406313443956,0.8358465912826245,0.1228322372790066,0.38436304962626144,0.2300472671789544
361,834361,0.47050507646832035,0.6058293774593178,0.2112312079801879,0.27148321760138583,0.17061307110693422,0.41725713385229746,0.008804591046172594,0.04681193582214166,0.22006836313335887
362,834362,0.6865479259432856,0.17395959887619727,0.6079988311049948,0.744256416650504,0.0016747714866989399,0.8824887879326039,0.006891865904514821,0.6080077174506511,0.47098897586395694
363,834363,0.5263390880920762,0.16655739448899157,0.45135158589807134,0.7106866219560521,0.010121188384241255,0.7391283651884533,0.014713305934565955,0.5112432981625037,0.4646414472832796
364,834364,0.6817991193122248,0.43069404420174395,0.6065793559049154,0.5140968589632348,0.009172420368183819,0.7471154079045184,0.035310500750590466,0.3438220026445994,0.36944922611399145
365,834365,0.5978585657370519,0.12611853264294215,0.7107540970881648,0.8623943858926048,0.022483888182864408,0.9518142709223589,0.10585858872640178,0.636742912172832,0.39467197187493674
366,834366,0.5981963618394639,0.230515090470831,0.5324301457534287,0.6937797361492989,0.014903995256331654,0.7350296938156398,0.021159111322827218,0.6512174032547229,0.4979296210229456
367,834367,0.6224194132560668,0.20392675370442057,0.587699408600633,0.6977369074637092,0.06493141680434181,0.7600337996104218,0.0229373439570315,0.4948918646171929,0.2610811290355315
368,834368,0.6689299141462319,0.196068872368037,0.6942848771558036,0.7508914769824789,0.03670645216407255,0.8063446700237533,0.04885161541144065,0.637585433544843,0.40311932122400274
369,834369,0.7808764940239046,0.1849391165211702,0.5630706272816507,0.7911059148105782,0.007350130797654723,0.9072454072782783,0.008688397241422056,0.6702882742507204,0.6260379979061159
370,834370,0.7808764940239046,0.07599154949990744,0.8428595364600745,0.7236256961569366,0.08562627119081562,0.8549867608907701,0.16970752499463523,0.5644286371383902,0.41184623618553196
371,834371,0.7460159362549801,0.7282209627048517,0.2937764927035381,0.32412123174752716,0.11525537237318674,0.5570361529864521,0.0056020713747438056,0.5077131496218967,0.38021187222346464
372,834372,0.6537379892195923,0.13737769565791635,0.9356332718975245,0.6696995095730239,0.0008794197576652194,0.8269021793290221,0.2613863976244363,0.5350280309697797,0.53324300527009
373,834373,0.7460159362549801,0.21133522852506792,0.5875389797103013,0.7476448422044278,0.0008363264055690901,0.7844335829839741,0.01064026508761045,0.7044728881447817,0.32331493710443815
374,834374,0.6287576964867803,0.289774238548341,0.6355177956484702,0.6727471186373684,0.01870233364282444,0.7036575587674743,0.021208287767293374,0.7527505872636865,0.4234445822758903
375,834375,0.7292312232551277,0.1422585030184657,0.5770347071290683,0.7743693410791858,0.007127605858096785,0.7671592439194832,0.03418162551092375,0.5380798110617403,0.36188161175905154
376,834376,0.5856573705179282,0.1734444967730698,0.6204635716889181,0.5997998115873765,0.00030597893106753193,0.8243831640058057,0.04407182691622589,0.44551273083771403,0.48155767652033465
377,834377,0.695065890285014,0.16241365041371678,0.5079456822993947,0.6344689421114291,0.11282677253242139,0.710870896010193,0.03514406401653703,0.5428317722834248,0.5212199316901402
378,834378,0.6586257708890466,0.13901235674352636,0.549830655661704,0.7986719168403462,0.00021103836681505973,0.904988133552898,0.04398368186326563,0.6201093368194662,0.5396463916665799
379,834379,0.6780092743778983,0.33421238432336947,0.5313531754839943,0.5270350879902397,0.0005180888918051083,0.7965008066854122,0.033478391755065805,0.3222957105232631,0.3724761059762107
380,834380,0.5824947632151805,0.2511863920127942,0.704413198359077,0.6409859370371631,0.10364029357551857,0.7730611080059087,0.09439134374196012,0.5478182590591382,0.4077075375808561
381,834381,0.648773327741665,0.09191091751076005,0.47527373721369626,0.7734741056598162,0.03250778436263538,0.8382091907172442,0.07700362626894725,0.4095386877054994,0.501229679682744
382,834382,0.6160811300253533,0.3274332114246068,0.25221051313927634,0.5942919539245495,0.09358429492165132,0.6980456267156682,0.015127009659963761,0.4086967155831527,0.5303290867057318
383,834383,0.6812749003984064,0.271086958205792,0.6644080921440964,0.6703872552318149,0.14216516119792308,0.8004195477835505,0.05527146846521958,0.5673774252079173,0.401763034985569
384,834384,1.0000000000000002,0.04098785078116771,0.3431795872634458,0.8205285646995492,0.35089287978289846,0.8602977457753608,0.02353391298249606,0.597996601955019,0.7151053236682903
385,834385,0.6755201416555998,0.5523633798262914,0.6144579289118081,0.5486771863714869,0.17179474994265742,0.5999088603782575,0.0543910009126014,0.6339664587170292,0.33866430060841113
386,834386,0.6610253202067764,0.9543149988862154,0.08183919859132505,0.08579820385155887,0.8100980887891283,0.17022094334565596,0.02194763446660746,0.1695425541554657,0.2843990247624535
387,834387,0.7268988561881506,0.5555748445529456,0.6329743636416681,0.4582168416574235,0.00879425824934514,0.7524935020741325,0.01229287622895988,0.5039781825866835,0.3912378566466759
388,834388,0.6534551449374915,0.15060005899214834,0.7870622041463843,0.7450223604636683,0.008330510185766695,0.834233578810439,0.09678532663729827,0.6647988131090715,0.3987595727833828
389,834389,0.5423568882365277,0.4262033862689892,0.4973526124665443,0.5721545975159286,0.06168551587589067,0.7462969612072237,0.01453292481161391,0.35641633407925344,0.3759551196593933
390,834390,0.6358565737051793,0.13093047608980368,0.730017252318533,0.6388012246820538,0.0004768926061727094,0.8651289805454556,0.08184524674129551,0.4824441686372951,0.464042542099967
391,834391,0.6771055313629204,0.5484373205339688,0.5138722718127052,0.4035111021043061,0.1683481695929146,0.6494135152404185,0.03719662666782169,0.25191662096606354,0.3970359667067134
392,834392,0.7697211155378487,0.13743348959067284,0.8136749598390863,0.8316415449835141,0.0001092922730422046,0.9354020117020577,0.2651928985281666,0.5581453075914986,0.2837028269687927
393,834393,0.4090305444887119,0.09547855469981886,0.8603979642804108,0.776397393625373,0.019907059654074157,0.8550492305669481,0.046395428451206526,0.5248332753243004,0.28099270129160536
394,834394,0.6149287148924962,0.09961554917444428,0.5153688974740044,0.7715978675116689,0.05371456012615863,0.9045495775194977,0.03751807899704978,0.30404232796324554,0.4442180671984166
395,834395,0.6575237511492491,0.10618419138942246,0.7999760955596099,0.7672968223486358,0.008501244742852198,0.9032084768925012,0.08740172504703617,0.6148740268493298,0.475573984267774
396,834396,0.6454183266932272,0.17210382468303456,0.9155820102248814,0.611962519345939,0.0003338135711624204,0.8148534786494159,0.21960673027456432,0.3791835451102702,0.5799579244581745
397,834397,0.8041168658698541,0.12197637868955463,0.5210679428162587,0.8287996545768569,0.08487289446346295,0.8781684644547048,0.05315770471326551,0.34007655700161576,0.6451945343664971
398,834398,0.7361497406600015,0.24441533484796424,0.4295658189426045,0.6815948861969979,0.0019161559729318248,0.8593162518263893,0.005342886382528542,0.3408624222608395,0.4548471513930581
399,834399,0.624784444312303,0.18360828764722217,0.5234334422894774,0.706565793266358,0.04425811978016978,0.7545765908576797,0.03281929962053328,0.6609417260524991,0.4452005560367023
400,834400,0.5415867394619056,0.09024321354737701,0.7561084337168679,0.7902739252048409,0.00041859129796277685,0.9127029390873539,0.04706698533675172,0.6064681570891521,0.3987243198510515
401,834401,0.6675796812749004,0.32054251229452835,0.5821187750583853,0.5637070183702309,0.009646228647027405,0.8010745007408607,0.10483549654413266,0.39752769604908134,0.5817282818287308
402,834402,0.5639663567950421,0.9529756265715874,0.0,0.2099165227403569,0.01490762695755577,0.5372742510340303,0.0028626543941336346,0.012127431856173432,0.28876146852679807
403,834403,0.5837340293996429,0.15057765882733568,0.5623374187064437,0.7600398752578493,0.01284284017630463,0.8531624206759488,0.051303548758075405,0.480613605002132,0.4299007942781208
404,834404,0.660130428008636,0.3126539480981774,0.5408971926614484,0.6398519671488381,0.19945282497233272,0.7795299564524203,0.131902700121729,0.3649628771053195,0.38992835111192825
405,834405,0.5911940473400517,0.15469127563760815,0.9120246103220099,0.6866098888919676,0.003955262276520371,0.8639794195139205,0.12123782781698511,0.6597801485079522,0.2790708217535345
406,834406,0.6862549800796813,0.33434670809336897,0.652689479479846,0.6153985263441222,0.00032332221833788387,0.776346787785878,0.13350069624971095,0.5528884901178668,0.4264633839805856
407,834407,0.7634462151394423,0.1326995409337546,0.8058912938563928,0.68639233984927,0.00014713080471334003,0.8299630075400899,0.14802320584333983,0.5325637017522458,0.45694762711463155
408,834408,0.6921405287939153,0.18670509823188336,0.6243688692478465,0.6604772406114846,0.17133684252169765,0.755824938981865,0.05949209164837003,0.2426971443175548,0.42764737447452994
409,834409,0.6219123505976096,0.19685318706299956,0.5463111384100326,0.6726012717852097,0.07755742314565027,0.8132768290154393,0.05154548272514819,0.4179517625979393,0.3876949376523633
410,834410,0.7080703733737617,0.23008518800585662,0.9674173525013016,0.4990324053038987,0.10638180275634138,0.6336037582346875,0.13829500275245177,0.8472083370345186,0.42080824690001384
411,834411,0.5987478656801366,0.22049113671735457,0.844997414438864,0.6980723754409913,0.00016825425796768284,0.8430165024546911,0.06226668477569739,0.6686959816812811,0.3547351726799606
412,834412,0.5794599380256751,0.14292788305199644,0.9037596014957409,0.6732283979693306,3.164207908339555e-05,0.8040234041154428,0.2747637536712252,0.5448112629791326,0.30186735025398215
413,834413,0.6587294233917047,0.6385008451478732,0.45533757928189733,0.43414458478020357,0.02201325849474695,0.7298577626813161,0.1228424269945434,0.4208840031804203,0.38644614938820543
414,834414,0.8841670355614579,0.21149468092430698,0.7130580342076486,0.7884959264492947,0.036382562996468984,0.8699694571760841,0.027879435592685707,0.6228480234214735,0.4166919611951254
415,834415,0.8007968127490042,0.2155339411399236,0.7518738224125862,0.7806591077316468,0.01781436093733935,0.8835349779403425,0.08430503005122006,0.6412084019675856,0.34091689749436194
416,834416,0.624003984063745,0.39143967081194075,0.6827076892962726,0.6220118935468678,0.07285950596964146,0.8129206849294286,0.020642178105171265,0.46105877863193445,0.3589204665021959
417,834417,0.7382691456396637,0.21912070135080944,0.7664477503138626,0.7080978175537762,0.0009213547012290748,0.8811914679379015,0.051151860653154045,0.46424660193281364,0.37780780358937704
418,834418,0.6006742261722342,0.134065790331269,0.9000258982077897,0.6760706909670641,0.0005407463221680954,0.8363995380172944,0.21802754546127237,0.4352568830235727,0.3924154202545034
419,834419,0.6804780876494025,0.04767864733061722,0.7084776111343601,0.7872703721149319,0.06218062526823158,0.9189523775810017,0.033013866790779646,0.5103193033544143,0.4284090131406637
420,834420,0.6596223800450374,0.12953600431738208,0.6498740734523593,0.7177317782465338,0.0027764118712092427,0.8488620165524466,0.02974683640514133,0.44242525216168993,0.40800782637141153
421,834421,0.7190318225007919,0.08371676362098428,0.7794312070279915,0.7661054854482782,0.22699379105828513,0.8345575213777013,0.1163345632918415,0.42203905554042476,0.48058383694010365
422,834422,0.7529880478087649,0.26542034357922206,0.5201267599929801,0.6228214790390958,0.06205585074470531,0.7464638444850135,0.011726101958764855,0.32418864761359045,0.37585707085152276
423,834423,0.5998982792235314,0.09212976909938951,0.9234843904516833,0.8580553913069623,0.05097238580953031,0.877155078034341,0.09608602123336987,0.8641214698435696,0.4293795481740019
424,834424,0.6565090987401745,0.13106293002942304,0.7735020791003079,0.6917018879454113,0.0017365116410458796,0.8511723721111665,0.20331985006483558,0.4609228175977922,0.520869869378336
425,834425,0.6832669322709164,0.29085779022902236,0.5202276010097601,0.5795454545454546,0.08843327985750872,0.7868293694340633,0.026197968954836497,0.2615565744752048,0.30048503373588265
426,834426,0.6242897263405396,0.31918845169991783,0.6632565316948668,0.5414092723720688,0.008277117574661281,0.7464092944617716,0.1545088279924172,0.3518086737028864,0.3553315134369406
427,834427,0.6176994151055353,0.21891150938237036,0.7983127964317746,0.6460911897054551,0.00964171843476556,0.8274860524422363,0.263073489974776,0.4271582711757238,0.45110042913112336
428,834428,0.5907279971024992,0.15734960579499774,0.7483509349432645,0.6783244428675425,0.0024845817638319717,0.8618309571567084,0.07449916849517296,0.4684084095021952,0.44781546068854605
429,834429,0.8266309760956176,0.14571569657216057,0.9881614316859483,0.7344522786151674,0.015335253906257711,0.8280152457988399,0.24416966679398042,0.6205355893811015,0.20929933120818256
430,834430,0.702538161958906,0.2193083729912492,0.28084915589654436,0.7166738556314735,0.17681026658436463,0.7849923464953689,0.04055060995454394,0.18546404751282464,0.5814370699746485
431,834431,0.7609561752988048,0.16657573851781382,0.6634218448371286,0.7732571832312767,0.07400166812388596,0.9146287280532235,0.05005531365282436,0.3171199018733374,0.42422490971682403
432,834432,0.687368174361378,0.24679141061507515,0.6403470474680958,0.625886647640686,0.004988315753895398,0.811540588482198,0.05611109689053275,0.4437196756874826,0.2973199477491395
433,834433,0.5521912350597611,0.13883005015690403,0.43644888426907114,0.7540155440414509,0.05845377363982835,0.8867105283120009,0.031126387390056916,0.29836338425071535,0.4742128176228666
434,834434,0.6176534173383983,0.13990847975099757,0.972034441848849,0.5983502028356831,0.0027609587029157664,0.81801149224816,0.23671229605564517,0.35329362865964975,0.5792816871781772
435,834435,0.6762948207171315,0.3623980291740328,0.6794647338702845,0.6107780584935555,0.056849245750159184,0.7082873408230059,0.008483892450980697,0.8461989093623526,0.47146012713132013
436,834436,0.6541108294096343,0.2699889788295843,0.7110004700268885,0.6407295993377011,0.08389690103073531,0.764855638302486,0.0799170366097032,0.6737535357785844,0.30547400436029415
437,834437,0.612830728368577,0.27609761247502734,0.5911265928072765,0.6813607377078882,0.00025286147270509285,0.8273624260030858,0.15966985752138618,0.49630430950440496,0.2292915710973762
438,834438,0.6104471004869412,0.057873714427609094,0.9062246041281369,0.7070510807557441,0.00032647795327541595,0.863281015144798,0.14292088139010245,0.5041340606783191,0.604148993537321
439,834439,0.7220008853474988,0.8039587879421095,0.4013472467837518,0.20878604699848227,0.26172634148973284,0.44211482131408497,0.029910435452890995,0.15938467400104772,0.23456792102622126
440,834440,0.8505976095617531,0.3438864130017161,0.4034071615709641,0.6182243921881228,0.05129855065115718,0.6141518575587039,0.03226133154020013,0.6218743669834221,0.323354936478075
441,834441,0.6116504854368934,0.2643291100165266,0.7136269646475178,0.6022281393338793,0.002135093218820282,0.8334464627496051,0.06880600705955958,0.4349714031747459,0.3870188107980985
442,834442,0.6727376209447922,0.13777017826496427,0.7863449863118156,0.6681642746594634,0.015684693924866388,0.8493847972326893,0.15775564309418688,0.40629225986983974,0.4707455654403423
443,834443,0.5680436150136299,0.5667560969048315,0.5506391287017841,0.46342068076455856,0.05522613509065853,0.7323248118171459,0.01901393236017978,0.25790450874791737,0.3346202978274917
444,834444,0.5717131474103587,0.2629210907730356,0.5038049211341863,0.6326206177242446,0.18312832609008114,0.7570287841144459,0.03550939781662695,0.45055719847866593,0.580396377219627
445,834445,0.6414342629482073,0.15640506667245999,0.6819610779220372,0.7341835625514382,0.0027761061751005738,0.8847820178183328,0.053188149196606326,0.5465689961889905,0.36897814942606044
446,834446,0.6129119884099965,0.5033463392457325,0.5720690509997582,0.42742367147689797,0.05272000801954247,0.7018384284836194,0.032080093120311896,0.27091842865077165,0.39171086211745165
447,834447,0.9456718580224557,0.1277626633426505,0.6716724734827518,0.6940917655119258,0.005559713136009002,0.8304787711138379,0.27294386995152004,0.3876421327288051,0.2758995531154085
448,834448,0.7343957503320053,0.44219310402481193,0.43236146172226186,0.4319555660229236,0.07548708329360629,0.6674420839170034,0.011461966057779875,0.2927828182839996,0.5438018032682375
449,834449,0.6222008517653523,0.5857385457250154,0.329151260594172,0.3474974418113601,0.23817001029693882,0.6296173001982548,0.003155073449670538,0.07494580538734183,0.4006593931084306
450,834450,0.6196085224320111,0.3731402240980272,0.5760233740332475,0.6187317372872679,0.054903552815630134,0.7789355045602671,0.010504203581897117,0.5382115970023837,0.44871010015416
451,834451,0.7181274900398407,0.028308155231966378,0.40920164153515926,1.0,0.0005873433553174293,0.960575089889402,0.06970293923285831,0.3848863899617141,0.47925232131630735
452,834452,0.6743215815981358,0.14644160018014132,0.661176705218257,0.7905653711817561,0.05921167503276906,0.7981476624080104,0.07593675633594565,0.6527068208550495,0.543298465238224
453,834453,0.5368525896414342,0.2775379832744076,0.611236618653563,0.6211287093735282,0.00022496351102426412,0.8291159484785808,0.020791126921516176,0.49359513127015164,0.4914853471466125
454,834454,0.6908200531208502,0.6160898197838683,0.5395974796495536,0.3611217420317162,0.2514113242451026,0.5929729497377911,0.011988251875531902,0.3281844254513047,0.24017681870188357
455,834455,0.7250996015936255,0.16468589646245302,0.9481968762233889,0.6207607159679699,0.0005095845324185698,0.8404612721225698,0.14829230670486962,0.37059744081306645,0.591584011552569
456,834456,0.6653386454183268,0.05382529113226811,0.30122972428303374,0.9035478769934728,0.08490320246812054,0.8331969128760925,0.051071570148343355,0.5057125174646626,0.5988666469937729
457,834457,0.6015936254980081,0.2676159224637441,0.7680243916079602,0.5590219366126103,0.000455448229879413,0.8088396603287142,0.17157768794809303,0.4291676665697274,0.3671112147070883
458,834458,0.6215139442231077,0.21487016371343007,0.637419268367471,0.6473824103357783,0.001094232128848529,0.8766627823560307,0.0200825561237611,0.393436020779651,0.2949499154431867
459,834459,0.6355423376914875,0.14546425794340653,0.8545794849554146,0.6497026198642634,0.0019244260886832772,0.8245800335661178,0.2526085612817133,0.583806685834106,0.47815726436741146
460,834460,0.6370075254537406,0.5550083709994723,0.3243879438190762,0.38502063566830413,0.018466172193494303,0.7220884507058987,0.013646548697505242,0.16336254995451743,0.42931302879804845
461,834461,0.524482714304074,0.22018056551187765,0.8103569650934271,0.7084713506450093,0.0010069030121627267,0.8556316091609948,0.06741546979784266,0.4643911963118458,0.40663486659169656
462,834462,0.7078353253652059,0.30352899096002167,0.5227726361951558,0.51904032927349,0.5815334896399903,0.6518489728009156,0.020960644860118248,0.13157807645457326,0.26800739738639856
463,834463,0.5708306016440567,0.2544382125076761,0.6074997569241581,0.6904316497433176,0.023466977385341817,0.7777829770990949,0.05997729798819646,0.6143012096926884,0.4185142608761765
464,834464,0.6807818232022407,0.18652028845762791,0.5231330204041099,0.7170015576687202,0.005837854310316959,0.8491454780064314,0.00813652396929783,0.5319348618856652,0.5330846526815418
465,834465,0.6879150066401063,0.6645450065197456,0.3918906003212871,0.31152064688334125,0.0013286987443147543,0.6126537981116905,0.030598909981774135,0.21294299036378567,0.4050232228247519
466,834466,0.66622399291722,0.1385744580288501,0.564754512196768,0.8774990841053019,1.5165921852095645e-05,0.9315896559338805,0.017907146839709037,0.695230364253205,0.5547205888091018
467,834467,0.62635942715624,0.3316081639578942,0.7376353823213172,0.5071720920166518,0.019492789589579274,0.7782296185425501,0.10715527371761255,0.30732719874324227,0.40063955468980317
468,834468,0.6786188579017265,0.30768287064279165,0.7259936957490177,0.6017938451876277,0.0476786855879822,0.7927878610115151,0.08096247675642468,0.43572748363529745,0.32805039918215506
469,834469,0.5849933598937582,0.3927463561910417,0.5027965109663882,0.5357759684184555,0.004252537216532152,0.7638979695386243,0.022240186120528818,0.35847711819437733,0.4278684137385944
470,834470,0.7560867640548916,0.012549559404656092,0.92921635595394,0.7721973622232692,0.8573405134021465,0.7727988123754347,0.04367198209368222,0.2522498613814158,0.6441123484142541
471,834471,0.6195609717990782,0.09279063268507799,0.9918669683135753,0.6980191275756653,0.00810502386594084,0.8251302220063217,0.22534545697300992,0.6045407368790798,0.39350640402294257
472,834472,0.5964528980850792,0.5803156948090669,0.339396887371336,0.407117514776716,0.0385855871140518,0.7403336980404511,0.025371543264148567,0.18009607970971825,0.38748588173950327
473,834473,0.6806523904382471,0.2607423290072837,0.5078115508187425,0.5869053226566181,0.0531544937495769,0.8159802116889094,0.010930715279483014,0.4564014553365886,0.4607193071830802
474,834474,0.6256212264344685,0.5046774662987062,0.4337226421824377,0.4424339948817808,0.13631819040938697,0.6459462039424181,0.005460608388086319,0.30605702336208956,0.37317633470365585
475,834475,0.606573705179283,0.13244575683475815,0.8833010982429831,0.6264077420459898,0.0004777212601529627,0.8178556372297745,0.16394854247090807,0.36042400957418663,0.4177385968330334
476,834476,0.6207761546406965,0.6097893648464966,0.5494714958759129,0.366610840704105,0.15135762828157107,0.5719123643651947,0.01077128487976569,0.3839055212537512,0.3809947424119067
477,834477,0.6442512777174132,0.1266610019929493,0.7072316643492583,0.6894528183388287,0.054558897049143136,0.8400956307076879,0.07776976640073896,0.5134300209333308,0.3930143463170923
478,834478,0.7285856573705181,0.5575413965866861,0.7173717888143417,0.5237576542628357,3.529815188087369e-05,0.877660650440218,0.010603027883524213,0.8919017524696741,0.5998593022569099
479,834479,0.7412622238319451,0.4404575829052015,0.5925122753105797,0.6572924249561085,0.16612836075428622,0.6447366485332432,0.11465054650118806,0.8634001731012605,0.5416582373620544
480,834480,0.8215471447543161,0.06572118525441527,0.5645136142122383,0.8095658659130164,0.03853167557882136,0.8727595077111876,0.04122690452403808,0.495407214085414,0.4961933893638508
481,834481,0.0,0.11296317833616867,0.5902112666549671,0.6751648610456902,1.4763846003212023e-06,0.875469675285598,0.05784661345180333,0.42162569289085317,0.21806267224099551
482,834482,0.6174676294820718,0.339731463472086,0.6710321903222324,0.5633353450306171,0.09823049428674112,0.7562333116722211,0.04685158420126279,0.4546022193771061,0.3140070393816272
483,834483,0.5914169409319245,0.1554689737054987,0.7254829140770679,0.7168485940731943,0.022850183816871924,0.7998727597459065,0.11662155734008581,0.6349975624528105,0.45494047518044844
484,834484,0.6845345889170591,0.10804637929433171,0.40647893408210367,0.8057273155483237,0.05835655169956829,0.873993011130609,0.044946021060155654,0.41064638883849924,0.549175779721423
485,834485,0.6287576964867803,0.11178567672517303,0.919191332851443,0.6789973450948488,0.045936612422859714,0.8440937801269142,0.18246423442272922,0.6296931232283804,0.4554420380429278
486,834486,0.7948207171314741,0.1229586486624933,0.4120251900049946,0.8076719265190769,0.06146615062456439,0.7628335769154914,0.03817643276529429,0.6472543448019616,0.4826223555003486
487,834487,0.6633553123749545,0.13530171649313164,0.7827004745976288,0.7409971779244581,0.011970516601497795,0.8506670263000935,0.12465404716294057,0.6358754615271045,0.39148804840857476
488,834488,0.6854686517089537,0.11853110424040983,0.8842105973656144,0.6849697548156779,0.009046179631482746,0.8335247478319148,0.2190192671835727,0.4819411469743523,0.4034642541021476
489,834489,0.7210112429861706,0.17393309628926548,0.88724138537889,0.6231528657708025,0.01177256620862247,0.8188676226927686,0.08681748576231729,0.8186940032191191,0.3982983019545021
490,834490,0.6070789306541948,0.09789541425715832,0.7262209534027751,0.7841540546260077,0.0232090427370153,0.8800685298814513,0.13250856761214397,0.5135840157240892,0.5479674242377783
491,834491,0.6539683960786071,0.1681431373830464,0.6540968833978246,0.6982295299740139,0.048402566036866504,0.8055552982826932,0.037661337633893864,0.5491156104917034,0.3910344238047516
492,834492,0.6972111553784861,0.4833475145442324,0.5636468616632498,0.4346696050063925,0.0005968751089331583,0.694279226788595,0.0,0.4336804868857751,0.4401638402480619
493,834493,0.6079681274900399,0.5296685494282848,0.4959047477624633,0.4607041921808762,0.00016898181519156306,0.755536226313953,0.012227761572214502,0.3000095127353143,0.39292407315890454
494,834494,0.6332317787672839,0.2334267925867411,0.8372836214146008,0.6677253331855588,0.07030621879187093,0.7782026046285271,0.057592874762312236,0.5308203078531811,0.47207649506601834
495,834495,0.6522797698096503,0.29104119583949184,0.5287430646489463,0.5219757157062858,0.043900993601306476,0.6864628443091398,0.0053835303614288565,0.4129349076475056,0.4138292685028486
496,834496,0.39043824701195223,0.3802309540609984,0.4564960784049029,0.6520843146490817,0.0002170119476562019,0.8188052168724052,0.055451516484977155,0.4625192632890116,0.7045705321143372
497,834497,0.48207171314741043,0.3753873263301078,0.580396074355063,0.662424578875356,0.1349596757871605,0.7820034807083655,0.04167729737346198,0.5531713141308245,0.4315370933495677
498,834498,0.6688655215204755,0.22087901132300036,0.6001234426649983,0.736781194258048,0.029746978222713973,0.8520473212332318,0.07787783630199693,0.5394881348487197,0.4913235677840322
499,834499,0.5064901683588228,0.03730922213378725,0.4249491048329396,0.9062286326409676,0.02640333561859224,0.9030163459152667,0.036353395349243096,0.5785414207781027,0.6214982621430061
